# 3ds Max Wavefront OBJ Exporter v0.97b - (c)2007 guruware
# File Created: 09.04.2023 08:04:31

mtllib old-lock-2014-obj.mtl

#
# object Box001
#

v  37.9054 0.0000 12.4327
v  -37.9054 0.0000 12.4327
v  -37.9054 0.0000 -12.4327
v  37.9054 0.0000 -12.4327
v  37.9054 64.9896 -12.4327
v  -37.9054 64.9896 -12.4327
v  -37.9054 64.9896 12.4327
v  37.9054 64.9896 12.4327
v  37.9054 60.5702 15.1463
v  -37.9054 60.5702 15.1463
v  -37.9054 4.4194 15.1463
v  37.9054 4.4194 15.1463
v  41.4590 60.5702 -12.4327
v  41.4590 60.5702 12.4327
v  41.4590 4.4194 12.4327
v  41.4590 4.4194 -12.4327
v  -37.9054 60.5702 -15.1463
v  37.9054 60.5702 -15.1463
v  37.9054 4.4194 -15.1463
v  -37.9054 4.4194 -15.1463
v  -41.4590 60.5702 12.4327
v  -41.4590 60.5702 -12.4327
v  -41.4590 4.4194 -12.4327
v  -41.4590 4.4194 12.4327
v  -39.5363 0.0000 13.7774
v  -39.5363 0.0534 14.1957
v  -40.0971 0.1157 14.1767
v  -40.1238 0.0534 13.7774
v  -40.5688 0.2670 14.1450
v  -40.6045 0.2136 13.7774
v  -40.9516 0.5074 14.1006
v  -40.9783 0.4807 13.7774
v  -39.5363 0.2136 14.5379
v  -40.0526 0.2670 14.5126
v  -40.4976 0.3917 14.4619
v  -40.8715 0.5875 14.3858
v  -39.5363 0.4807 14.8041
v  -39.9903 0.5074 14.7851
v  -40.3908 0.5875 14.7280
v  -40.7380 0.7210 14.6330
v  -39.5363 0.0000 -13.7774
v  -40.1238 0.0534 -13.7774
v  -40.0971 0.1157 -14.1767
v  -39.5363 0.0534 -14.1957
v  -40.0526 0.2670 -14.5126
v  -39.5363 0.2136 -14.5379
v  -39.9903 0.5074 -14.7851
v  -39.5363 0.4807 -14.8041
v  -40.6045 0.2136 -13.7774
v  -40.5688 0.2670 -14.1450
v  -40.4976 0.3917 -14.4619
v  -40.3908 0.5875 -14.7280
v  -40.9783 0.4807 -13.7774
v  -40.9516 0.5074 -14.1006
v  -40.8715 0.5875 -14.3858
v  -40.7380 0.7210 -14.6330
v  39.5363 0.0000 -13.7774
v  39.5363 0.0534 -14.1957
v  40.0971 0.1157 -14.1767
v  40.1238 0.0534 -13.7774
v  40.5688 0.2670 -14.1450
v  40.6045 0.2136 -13.7774
v  40.9516 0.5074 -14.1006
v  40.9783 0.4807 -13.7774
v  39.5363 0.2136 -14.5379
v  40.0526 0.2670 -14.5126
v  40.4976 0.3917 -14.4619
v  40.8715 0.5875 -14.3858
v  39.5363 0.4807 -14.8041
v  39.9903 0.5074 -14.7851
v  40.3908 0.5875 -14.7280
v  40.7380 0.7210 -14.6330
v  39.5363 0.0000 13.7774
v  40.1238 0.0534 13.7774
v  40.0971 0.1157 14.1767
v  39.5363 0.0534 14.1957
v  40.0526 0.2670 14.5126
v  39.5363 0.2136 14.5379
v  39.9903 0.5074 14.7851
v  39.5363 0.4807 14.8041
v  40.6045 0.2136 13.7774
v  40.5688 0.2670 14.1450
v  40.4976 0.3917 14.4619
v  40.3908 0.5875 14.7280
v  40.9783 0.4807 13.7774
v  40.9516 0.5074 14.1006
v  40.8715 0.5875 14.3858
v  40.7380 0.7210 14.6330
v  -39.5363 64.9896 13.7774
v  -40.1238 64.9362 13.7774
v  -40.0971 64.8739 14.1767
v  -39.5363 64.9362 14.1957
v  -40.0526 64.7225 14.5126
v  -39.5363 64.7760 14.5379
v  -39.9903 64.4822 14.7851
v  -39.5363 64.5089 14.8041
v  -40.6045 64.7760 13.7774
v  -40.5688 64.7225 14.1450
v  -40.4976 64.5979 14.4619
v  -40.3908 64.4021 14.7280
v  -40.9783 64.5089 13.7774
v  -40.9516 64.4822 14.1006
v  -40.8715 64.4021 14.3858
v  -40.7380 64.2686 14.6330
v  39.5363 64.9896 13.7774
v  39.5363 64.9362 14.1957
v  40.0971 64.8739 14.1767
v  40.1238 64.9362 13.7774
v  40.5689 64.7225 14.1450
v  40.6045 64.7760 13.7774
v  40.9516 64.4822 14.1006
v  40.9783 64.5089 13.7774
v  39.5363 64.7760 14.5379
v  40.0526 64.7225 14.5126
v  40.4976 64.5979 14.4619
v  40.8715 64.4021 14.3858
v  39.5363 64.5089 14.8041
v  39.9903 64.4822 14.7851
v  40.3908 64.4021 14.7280
v  40.7380 64.2686 14.6330
v  39.5363 64.9896 -13.7774
v  40.1238 64.9362 -13.7774
v  40.0971 64.8739 -14.1767
v  39.5363 64.9362 -14.1957
v  40.0526 64.7225 -14.5126
v  39.5363 64.7760 -14.5379
v  39.9903 64.4822 -14.7851
v  39.5363 64.5089 -14.8041
v  40.6045 64.7760 -13.7774
v  40.5688 64.7225 -14.1450
v  40.4976 64.5979 -14.4619
v  40.3908 64.4021 -14.7280
v  40.9783 64.5089 -13.7774
v  40.9516 64.4822 -14.1006
v  40.8715 64.4021 -14.3858
v  40.7380 64.2686 -14.6330
v  -39.5363 64.9896 -13.7774
v  -39.5363 64.9362 -14.1957
v  -40.0971 64.8739 -14.1767
v  -40.1238 64.9362 -13.7774
v  -40.5689 64.7225 -14.1450
v  -40.6045 64.7760 -13.7774
v  -40.9516 64.4822 -14.1006
v  -40.9783 64.5089 -13.7774
v  -39.5363 64.7760 -14.5379
v  -40.0526 64.7225 -14.5126
v  -40.4976 64.5979 -14.4619
v  -40.8715 64.4021 -14.3858
v  -39.5363 64.5089 -14.8041
v  -39.9903 64.4822 -14.7851
v  -40.3908 64.4021 -14.7280
v  -40.7380 64.2686 -14.6330
v  -39.5363 1.9227 15.1463
v  -40.1238 1.9227 15.1083
v  -40.0971 1.3619 15.0639
v  -39.5363 1.3352 15.1083
v  -40.0526 0.8901 14.9562
v  -39.5363 0.8545 14.9942
v  -40.6045 1.9227 14.9942
v  -40.5688 1.4064 14.9562
v  -40.4976 0.9614 14.8675
v  -40.9783 1.9227 14.8041
v  -40.9516 1.4687 14.7851
v  -40.8715 1.0682 14.7280
v  39.5363 1.9227 15.1463
v  39.5363 1.3352 15.1083
v  40.0971 1.3619 15.0639
v  40.1238 1.9227 15.1083
v  40.5688 1.4064 14.9562
v  40.6045 1.9227 14.9942
v  40.9516 1.4687 14.7851
v  40.9783 1.9227 14.8041
v  39.5363 0.8545 14.9942
v  40.0526 0.8901 14.9562
v  40.4976 0.9614 14.8675
v  40.8715 1.0682 14.7280
v  39.5363 63.0669 15.1463
v  40.1238 63.0669 15.1083
v  40.0971 63.6277 15.0639
v  39.5363 63.6544 15.1083
v  40.0526 64.0994 14.9562
v  39.5363 64.1350 14.9942
v  40.6045 63.0669 14.9942
v  40.5688 63.5831 14.9562
v  40.4976 64.0282 14.8675
v  40.9783 63.0669 14.8041
v  40.9516 63.5209 14.7851
v  40.8715 63.9214 14.7280
v  -39.5363 63.0669 15.1463
v  -39.5363 63.6544 15.1083
v  -40.0971 63.6277 15.0639
v  -40.1238 63.0669 15.1083
v  -40.5688 63.5831 14.9562
v  -40.6045 63.0669 14.9942
v  -40.9516 63.5208 14.7851
v  -40.9783 63.0669 14.8041
v  -39.5363 64.1350 14.9942
v  -40.0526 64.0994 14.9562
v  -40.4976 64.0282 14.8675
v  -40.8715 63.9214 14.7280
v  41.4590 1.9227 13.7774
v  41.4056 1.9227 14.1957
v  41.3433 1.3619 14.1767
v  41.4056 1.3352 13.7774
v  41.1919 0.8901 14.1450
v  41.2454 0.8545 13.7774
v  41.2454 1.9227 14.5379
v  41.1919 1.4064 14.5126
v  41.0673 0.9614 14.4619
v  41.4590 1.9227 -13.7774
v  41.4056 1.3352 -13.7774
v  41.3433 1.3619 -14.1767
v  41.4056 1.9227 -14.1957
v  41.1919 1.4064 -14.5126
v  41.2454 1.9227 -14.5379
v  40.9516 1.4687 -14.7851
v  40.9783 1.9227 -14.8041
v  41.2454 0.8545 -13.7774
v  41.1919 0.8901 -14.1450
v  41.0673 0.9614 -14.4619
v  40.8715 1.0682 -14.7280
v  41.4590 63.0669 -13.7774
v  41.4056 63.0669 -14.1957
v  41.3433 63.6277 -14.1767
v  41.4056 63.6544 -13.7774
v  41.1919 64.0994 -14.1450
v  41.2454 64.1350 -13.7774
v  41.2454 63.0669 -14.5379
v  41.1919 63.5831 -14.5126
v  41.0673 64.0282 -14.4619
v  40.9783 63.0669 -14.8041
v  40.9516 63.5209 -14.7851
v  40.8715 63.9214 -14.7280
v  41.4590 63.0669 13.7774
v  41.4056 63.6544 13.7774
v  41.3433 63.6277 14.1767
v  41.4056 63.0669 14.1957
v  41.1919 63.5832 14.5126
v  41.2454 63.0669 14.5379
v  41.2454 64.1350 13.7774
v  41.1919 64.0994 14.1450
v  41.0673 64.0282 14.4619
v  39.5363 1.9227 -15.1463
v  40.1238 1.9227 -15.1083
v  40.0971 1.3619 -15.0639
v  39.5363 1.3352 -15.1083
v  40.0526 0.8901 -14.9562
v  39.5363 0.8545 -14.9942
v  40.6045 1.9227 -14.9942
v  40.5688 1.4064 -14.9562
v  40.4976 0.9614 -14.8675
v  -39.5363 1.9227 -15.1463
v  -39.5363 1.3352 -15.1083
v  -40.0971 1.3619 -15.0639
v  -40.1238 1.9227 -15.1083
v  -40.5688 1.4064 -14.9562
v  -40.6045 1.9227 -14.9942
v  -40.9516 1.4687 -14.7851
v  -40.9783 1.9227 -14.8041
v  -39.5363 0.8545 -14.9942
v  -40.0526 0.8901 -14.9562
v  -40.4976 0.9614 -14.8675
v  -40.8715 1.0682 -14.7280
v  -39.5363 63.0669 -15.1463
v  -40.1238 63.0669 -15.1083
v  -40.0971 63.6277 -15.0639
v  -39.5363 63.6544 -15.1083
v  -40.0526 64.0994 -14.9562
v  -39.5363 64.1350 -14.9942
v  -40.6045 63.0669 -14.9942
v  -40.5688 63.5831 -14.9562
v  -40.4976 64.0282 -14.8675
v  -40.9783 63.0669 -14.8041
v  -40.9516 63.5209 -14.7851
v  -40.8715 63.9214 -14.7280
v  39.5363 63.0669 -15.1463
v  39.5363 63.6544 -15.1083
v  40.0971 63.6277 -15.0639
v  40.1238 63.0669 -15.1083
v  40.5689 63.5832 -14.9562
v  40.6045 63.0669 -14.9942
v  39.5363 64.1350 -14.9942
v  40.0526 64.0994 -14.9562
v  40.4976 64.0282 -14.8675
v  -41.4590 1.9227 -13.7774
v  -41.4056 1.9227 -14.1957
v  -41.3433 1.3619 -14.1767
v  -41.4056 1.3352 -13.7774
v  -41.1919 0.8901 -14.1450
v  -41.2454 0.8545 -13.7774
v  -41.2454 1.9227 -14.5379
v  -41.1919 1.4064 -14.5126
v  -41.0673 0.9614 -14.4619
v  -41.4590 1.9227 13.7774
v  -41.4056 1.3352 13.7774
v  -41.3433 1.3619 14.1767
v  -41.4056 1.9227 14.1957
v  -41.1919 1.4064 14.5126
v  -41.2454 1.9227 14.5379
v  -41.2454 0.8545 13.7774
v  -41.1919 0.8901 14.1450
v  -41.0673 0.9614 14.4619
v  -41.4590 63.0669 13.7774
v  -41.4056 63.0669 14.1957
v  -41.3433 63.6277 14.1767
v  -41.4056 63.6544 13.7774
v  -41.1919 64.0994 14.1450
v  -41.2454 64.1350 13.7774
v  -41.2454 63.0669 14.5379
v  -41.1919 63.5831 14.5126
v  -41.0673 64.0282 14.4619
v  -41.4590 63.0669 -13.7774
v  -41.4056 63.6544 -13.7774
v  -41.3433 63.6277 -14.1767
v  -41.4056 63.0669 -14.1957
v  -41.1919 63.5832 -14.5126
v  -41.2454 63.0669 -14.5379
v  -41.2454 64.1350 -13.7774
v  -41.1919 64.0994 -14.1450
v  -41.0673 64.0282 -14.4619
v  -39.5363 0.0000 12.4327
v  -40.1238 0.0534 12.4327
v  -40.1238 0.0534 -12.4327
v  -39.5363 0.0000 -12.4327
v  -40.6045 0.2136 12.4327
v  -40.6045 0.2136 -12.4327
v  -40.9783 0.4807 12.4327
v  -40.9783 0.4807 -12.4327
v  -37.9054 0.0000 -13.7774
v  -37.9054 0.0534 -14.1957
v  37.9054 0.0534 -14.1957
v  37.9054 0.0000 -13.7774
v  -37.9054 0.2136 -14.5379
v  37.9054 0.2136 -14.5379
v  -37.9054 0.4807 -14.8041
v  37.9054 0.4807 -14.8041
v  39.5363 0.0000 -12.4327
v  40.1238 0.0534 -12.4327
v  40.1238 0.0534 12.4327
v  39.5363 0.0000 12.4327
v  40.6045 0.2136 -12.4327
v  40.6045 0.2136 12.4327
v  40.9783 0.4807 -12.4327
v  40.9783 0.4807 12.4327
v  37.9054 0.0000 13.7774
v  37.9054 0.0534 14.1957
v  -37.9054 0.0534 14.1957
v  -37.9054 0.0000 13.7774
v  37.9054 0.2136 14.5379
v  -37.9054 0.2136 14.5379
v  37.9054 0.4807 14.8041
v  -37.9054 0.4807 14.8041
v  -37.9054 64.9896 13.7774
v  -37.9054 64.9362 14.1957
v  37.9054 64.9362 14.1957
v  37.9054 64.9896 13.7774
v  -37.9054 64.7760 14.5379
v  37.9054 64.7760 14.5379
v  -37.9054 64.5089 14.8041
v  37.9054 64.5089 14.8041
v  39.5363 64.9896 12.4327
v  40.1238 64.9362 12.4327
v  40.1238 64.9362 -12.4327
v  39.5363 64.9896 -12.4327
v  40.6045 64.7760 12.4327
v  40.6045 64.7760 -12.4327
v  40.9783 64.5089 12.4327
v  40.9783 64.5089 -12.4327
v  37.9054 64.9896 -13.7774
v  37.9054 64.9362 -14.1957
v  -37.9054 64.9362 -14.1957
v  -37.9054 64.9896 -13.7774
v  37.9054 64.7760 -14.5379
v  -37.9054 64.7760 -14.5379
v  37.9054 64.5089 -14.8041
v  -37.9054 64.5089 -14.8041
v  -39.5363 64.9896 -12.4327
v  -40.1238 64.9362 -12.4327
v  -40.1238 64.9362 12.4327
v  -39.5363 64.9896 12.4327
v  -40.6045 64.7760 -12.4327
v  -40.6045 64.7760 12.4327
v  -40.9783 64.5089 -12.4327
v  -40.9783 64.5089 12.4327
v  -37.9054 1.9227 15.1463
v  -37.9054 1.3352 15.1083
v  37.9054 1.3352 15.1083
v  37.9054 1.9227 15.1463
v  -37.9054 0.8545 14.9942
v  37.9054 0.8545 14.9942
v  39.5363 4.4194 15.1463
v  40.1238 4.4194 15.1083
v  40.1238 60.5702 15.1083
v  39.5363 60.5702 15.1463
v  40.6045 4.4194 14.9942
v  40.6045 60.5702 14.9942
v  40.9783 4.4194 14.8041
v  40.9783 60.5702 14.8041
v  37.9054 63.0669 15.1463
v  37.9054 63.6544 15.1083
v  -37.9054 63.6544 15.1083
v  -37.9054 63.0669 15.1463
v  37.9054 64.1350 14.9942
v  -37.9054 64.1350 14.9942
v  -39.5363 60.5702 15.1463
v  -40.1238 60.5701 15.1083
v  -40.1238 4.4194 15.1083
v  -39.5363 4.4194 15.1463
v  -40.6045 60.5702 14.9942
v  -40.6045 4.4194 14.9942
v  -40.9783 60.5702 14.8041
v  -40.9783 4.4194 14.8041
v  41.4590 1.9227 12.4327
v  41.4056 1.3352 12.4327
v  41.4056 1.3352 -12.4327
v  41.4590 1.9227 -12.4327
v  41.2454 0.8545 12.4327
v  41.2454 0.8545 -12.4327
v  41.4590 4.4194 -13.7774
v  41.4056 4.4194 -14.1957
v  41.4056 60.5702 -14.1957
v  41.4590 60.5702 -13.7774
v  41.2454 4.4194 -14.5379
v  41.2454 60.5702 -14.5379
v  40.9783 4.4194 -14.8041
v  40.9783 60.5702 -14.8041
v  41.4590 63.0669 -12.4327
v  41.4056 63.6544 -12.4327
v  41.4056 63.6544 12.4327
v  41.4590 63.0669 12.4327
v  41.2454 64.1350 -12.4327
v  41.2454 64.1350 12.4327
v  41.4590 60.5702 13.7774
v  41.4056 60.5701 14.1957
v  41.4056 4.4194 14.1957
v  41.4590 4.4194 13.7774
v  41.2454 60.5702 14.5379
v  41.2454 4.4194 14.5379
v  37.9054 1.9227 -15.1463
v  37.9054 1.3352 -15.1083
v  -37.9054 1.3352 -15.1083
v  -37.9054 1.9227 -15.1463
v  37.9054 0.8545 -14.9942
v  -37.9054 0.8545 -14.9942
v  -39.5363 4.4194 -15.1463
v  -40.1238 4.4194 -15.1083
v  -40.1238 60.5702 -15.1083
v  -39.5363 60.5702 -15.1463
v  -40.6045 4.4194 -14.9942
v  -40.6045 60.5702 -14.9942
v  -40.9783 4.4194 -14.8041
v  -40.9783 60.5702 -14.8041
v  -37.9054 63.0669 -15.1463
v  -37.9054 63.6544 -15.1083
v  37.9054 63.6544 -15.1083
v  37.9054 63.0669 -15.1463
v  -37.9054 64.1350 -14.9942
v  37.9054 64.1350 -14.9942
v  39.5363 60.5702 -15.1463
v  40.1238 60.5701 -15.1083
v  40.1238 4.4194 -15.1083
v  39.5363 4.4194 -15.1463
v  40.6045 60.5702 -14.9942
v  40.6045 4.4194 -14.9942
v  -41.4590 1.9227 -12.4327
v  -41.4056 1.3352 -12.4327
v  -41.4056 1.3352 12.4327
v  -41.4590 1.9227 12.4327
v  -41.2454 0.8545 -12.4327
v  -41.2454 0.8545 12.4327
v  -41.4590 4.4194 13.7774
v  -41.4056 4.4194 14.1957
v  -41.4056 60.5702 14.1957
v  -41.4590 60.5702 13.7774
v  -41.2454 4.4194 14.5379
v  -41.2454 60.5702 14.5379
v  -41.4590 63.0669 12.4327
v  -41.4056 63.6544 12.4327
v  -41.4056 63.6544 -12.4327
v  -41.4590 63.0669 -12.4327
v  -41.2454 64.1350 12.4327
v  -41.2454 64.1350 -12.4327
v  -41.4590 60.5702 -13.7774
v  -41.4056 60.5701 -14.1957
v  -41.4056 4.4194 -14.1957
v  -41.4590 4.4194 -13.7774
v  -41.2454 60.5702 -14.5379
v  -41.2454 4.4194 -14.5379
# 488 vertices

vn 0.0000 -1.0000 -0.0000
vn 0.0000 1.0000 -0.0000
vn 0.0000 0.0000 1.0000
vn 1.0000 0.0000 -0.0000
vn 0.0000 0.0000 -1.0000
vn -1.0000 0.0000 -0.0000
vn -0.0451 -0.9970 0.0633
vn -0.0575 -0.9588 0.2783
vn -0.2134 -0.9310 0.2961
vn -0.2052 -0.9753 0.0819
vn -0.4245 -0.8570 0.2922
vn -0.4529 -0.8875 0.0851
vn -0.6877 -0.6877 0.2329
vn -0.7059 -0.7059 0.0578
vn -0.0558 -0.8176 0.5731
vn -0.1978 -0.8090 0.5535
vn -0.3819 -0.7571 0.5301
vn -0.6241 -0.6241 0.4701
vn -0.0341 -0.5874 0.8086
vn -0.1389 -0.5865 0.7979
vn -0.2989 -0.5647 0.7693
vn -0.5037 -0.5037 0.7018
vn -0.0451 -0.9970 -0.0633
vn -0.2052 -0.9753 -0.0819
vn -0.2134 -0.9310 -0.2961
vn -0.0575 -0.9588 -0.2783
vn -0.1978 -0.8090 -0.5535
vn -0.0558 -0.8176 -0.5731
vn -0.1389 -0.5865 -0.7979
vn -0.0341 -0.5874 -0.8086
vn -0.4529 -0.8875 -0.0851
vn -0.4245 -0.8570 -0.2922
vn -0.3819 -0.7571 -0.5301
vn -0.2989 -0.5647 -0.7693
vn -0.7059 -0.7059 -0.0578
vn -0.6877 -0.6877 -0.2329
vn -0.6241 -0.6241 -0.4701
vn -0.5037 -0.5037 -0.7018
vn 0.0451 -0.9970 -0.0633
vn 0.0575 -0.9588 -0.2783
vn 0.2134 -0.9310 -0.2961
vn 0.2052 -0.9753 -0.0819
vn 0.4245 -0.8570 -0.2922
vn 0.4529 -0.8875 -0.0851
vn 0.6877 -0.6877 -0.2329
vn 0.7059 -0.7059 -0.0578
vn 0.0558 -0.8176 -0.5731
vn 0.1978 -0.8090 -0.5535
vn 0.3819 -0.7571 -0.5301
vn 0.6241 -0.6241 -0.4701
vn 0.0341 -0.5874 -0.8086
vn 0.1389 -0.5865 -0.7979
vn 0.2989 -0.5647 -0.7693
vn 0.5037 -0.5037 -0.7018
vn 0.0451 -0.9970 0.0633
vn 0.2052 -0.9753 0.0819
vn 0.2134 -0.9310 0.2961
vn 0.0575 -0.9588 0.2783
vn 0.1978 -0.8090 0.5535
vn 0.0558 -0.8176 0.5731
vn 0.1389 -0.5865 0.7979
vn 0.0341 -0.5874 0.8086
vn 0.4529 -0.8875 0.0851
vn 0.4245 -0.8570 0.2922
vn 0.3819 -0.7571 0.5301
vn 0.2989 -0.5647 0.7693
vn 0.7059 -0.7059 0.0578
vn 0.6877 -0.6877 0.2329
vn 0.6241 -0.6241 0.4701
vn 0.5037 -0.5037 0.7018
vn -0.0452 0.9970 0.0633
vn -0.2052 0.9753 0.0819
vn -0.2134 0.9310 0.2961
vn -0.0575 0.9588 0.2783
vn -0.1978 0.8090 0.5535
vn -0.0559 0.8176 0.5731
vn -0.1389 0.5865 0.7979
vn -0.0341 0.5874 0.8086
vn -0.4529 0.8875 0.0851
vn -0.4245 0.8570 0.2922
vn -0.3819 0.7571 0.5301
vn -0.2989 0.5647 0.7693
vn -0.7059 0.7059 0.0578
vn -0.6877 0.6877 0.2329
vn -0.6241 0.6241 0.4701
vn -0.5037 0.5037 0.7018
vn 0.0452 0.9970 0.0633
vn 0.0575 0.9588 0.2783
vn 0.2134 0.9310 0.2961
vn 0.2052 0.9753 0.0819
vn 0.4245 0.8570 0.2922
vn 0.4529 0.8875 0.0851
vn 0.6877 0.6877 0.2329
vn 0.7059 0.7059 0.0578
vn 0.0558 0.8176 0.5731
vn 0.1978 0.8090 0.5535
vn 0.3819 0.7571 0.5301
vn 0.6241 0.6241 0.4701
vn 0.0341 0.5874 0.8086
vn 0.1389 0.5865 0.7979
vn 0.2989 0.5647 0.7693
vn 0.5037 0.5037 0.7018
vn 0.0452 0.9970 -0.0633
vn 0.2052 0.9753 -0.0819
vn 0.2134 0.9310 -0.2961
vn 0.0575 0.9588 -0.2783
vn 0.1978 0.8090 -0.5535
vn 0.0558 0.8176 -0.5731
vn 0.1389 0.5865 -0.7979
vn 0.0341 0.5874 -0.8086
vn 0.4529 0.8875 -0.0851
vn 0.4245 0.8570 -0.2922
vn 0.3819 0.7571 -0.5301
vn 0.2989 0.5647 -0.7693
vn 0.7059 0.7059 -0.0578
vn 0.6877 0.6877 -0.2329
vn 0.6241 0.6241 -0.4701
vn 0.5037 0.5037 -0.7018
vn -0.0452 0.9970 -0.0633
vn -0.0575 0.9588 -0.2783
vn -0.2134 0.9310 -0.2961
vn -0.2052 0.9753 -0.0819
vn -0.4245 0.8570 -0.2922
vn -0.4529 0.8875 -0.0851
vn -0.6877 0.6877 -0.2329
vn -0.7059 0.7059 -0.0578
vn -0.0558 0.8176 -0.5731
vn -0.1978 0.8090 -0.5535
vn -0.3819 0.7571 -0.5301
vn -0.6241 0.6241 -0.4701
vn -0.0341 0.5874 -0.8086
vn -0.1389 0.5865 -0.7979
vn -0.2989 0.5647 -0.7693
vn -0.5037 0.5037 -0.7018
vn -0.0323 -0.0323 0.9990
vn -0.1491 -0.0425 0.9879
vn -0.1608 -0.1608 0.9738
vn -0.0425 -0.1491 0.9879
vn -0.1649 -0.3326 0.9285
vn -0.0462 -0.3455 0.9373
vn -0.3455 -0.0462 0.9373
vn -0.3326 -0.1649 0.9285
vn -0.3260 -0.3260 0.8874
vn -0.5874 -0.0341 0.8086
vn -0.5865 -0.1389 0.7979
vn -0.5647 -0.2989 0.7693
vn 0.0323 -0.0323 0.9990
vn 0.0425 -0.1491 0.9879
vn 0.1608 -0.1608 0.9738
vn 0.1491 -0.0425 0.9879
vn 0.3326 -0.1649 0.9285
vn 0.3455 -0.0462 0.9373
vn 0.5865 -0.1389 0.7979
vn 0.5874 -0.0341 0.8086
vn 0.0462 -0.3455 0.9373
vn 0.1649 -0.3326 0.9285
vn 0.3260 -0.3260 0.8874
vn 0.5647 -0.2989 0.7693
vn 0.0323 0.0323 0.9990
vn 0.1491 0.0425 0.9879
vn 0.1608 0.1608 0.9738
vn 0.0425 0.1491 0.9879
vn 0.1649 0.3326 0.9285
vn 0.0462 0.3455 0.9373
vn 0.3455 0.0462 0.9373
vn 0.3326 0.1649 0.9285
vn 0.3260 0.3260 0.8874
vn 0.5874 0.0341 0.8086
vn 0.5865 0.1389 0.7979
vn 0.5647 0.2989 0.7693
vn -0.0323 0.0323 0.9990
vn -0.0425 0.1491 0.9879
vn -0.1608 0.1608 0.9738
vn -0.1491 0.0425 0.9879
vn -0.3326 0.1649 0.9285
vn -0.3455 0.0462 0.9373
vn -0.5865 0.1389 0.7979
vn -0.5874 0.0341 0.8086
vn -0.0462 0.3455 0.9373
vn -0.1649 0.3326 0.9285
vn -0.3260 0.3260 0.8874
vn -0.5647 0.2989 0.7693
vn 0.9970 -0.0451 0.0633
vn 0.9588 -0.0575 0.2783
vn 0.9310 -0.2134 0.2961
vn 0.9753 -0.2052 0.0819
vn 0.8570 -0.4245 0.2922
vn 0.8875 -0.4529 0.0851
vn 0.8176 -0.0558 0.5731
vn 0.8090 -0.1978 0.5535
vn 0.7571 -0.3819 0.5301
vn 0.9970 -0.0451 -0.0633
vn 0.9753 -0.2052 -0.0819
vn 0.9310 -0.2134 -0.2961
vn 0.9588 -0.0575 -0.2783
vn 0.8090 -0.1978 -0.5535
vn 0.8176 -0.0558 -0.5731
vn 0.5865 -0.1389 -0.7979
vn 0.5874 -0.0341 -0.8086
vn 0.8875 -0.4529 -0.0851
vn 0.8570 -0.4245 -0.2922
vn 0.7571 -0.3819 -0.5301
vn 0.5647 -0.2989 -0.7693
vn 0.9970 0.0451 -0.0633
vn 0.9588 0.0575 -0.2783
vn 0.9310 0.2134 -0.2961
vn 0.9753 0.2052 -0.0819
vn 0.8570 0.4245 -0.2922
vn 0.8875 0.4529 -0.0851
vn 0.8176 0.0558 -0.5731
vn 0.8090 0.1978 -0.5535
vn 0.7571 0.3819 -0.5301
vn 0.5874 0.0341 -0.8086
vn 0.5865 0.1389 -0.7979
vn 0.5647 0.2989 -0.7693
vn 0.9970 0.0451 0.0633
vn 0.9753 0.2052 0.0819
vn 0.9310 0.2134 0.2961
vn 0.9588 0.0575 0.2783
vn 0.8090 0.1978 0.5535
vn 0.8176 0.0558 0.5731
vn 0.8875 0.4529 0.0851
vn 0.8570 0.4245 0.2922
vn 0.7571 0.3819 0.5301
vn 0.0323 -0.0323 -0.9990
vn 0.1491 -0.0425 -0.9879
vn 0.1608 -0.1608 -0.9738
vn 0.0425 -0.1491 -0.9879
vn 0.1649 -0.3326 -0.9285
vn 0.0462 -0.3455 -0.9373
vn 0.3455 -0.0462 -0.9373
vn 0.3326 -0.1649 -0.9285
vn 0.3260 -0.3260 -0.8874
vn -0.0323 -0.0323 -0.9990
vn -0.0425 -0.1491 -0.9879
vn -0.1608 -0.1608 -0.9738
vn -0.1491 -0.0425 -0.9879
vn -0.3326 -0.1649 -0.9285
vn -0.3455 -0.0462 -0.9373
vn -0.5865 -0.1389 -0.7979
vn -0.5874 -0.0341 -0.8086
vn -0.0462 -0.3455 -0.9373
vn -0.1649 -0.3326 -0.9285
vn -0.3260 -0.3260 -0.8874
vn -0.5647 -0.2989 -0.7693
vn -0.0323 0.0323 -0.9990
vn -0.1491 0.0425 -0.9879
vn -0.1608 0.1608 -0.9738
vn -0.0425 0.1491 -0.9879
vn -0.1649 0.3326 -0.9285
vn -0.0462 0.3455 -0.9373
vn -0.3455 0.0462 -0.9373
vn -0.3326 0.1649 -0.9285
vn -0.3260 0.3260 -0.8874
vn -0.5874 0.0341 -0.8086
vn -0.5865 0.1389 -0.7979
vn -0.5647 0.2989 -0.7693
vn 0.0323 0.0323 -0.9990
vn 0.0425 0.1491 -0.9879
vn 0.1608 0.1608 -0.9738
vn 0.1491 0.0425 -0.9879
vn 0.3326 0.1649 -0.9285
vn 0.3455 0.0462 -0.9373
vn 0.0462 0.3455 -0.9373
vn 0.1649 0.3326 -0.9285
vn 0.3260 0.3260 -0.8874
vn -0.9970 -0.0451 -0.0633
vn -0.9588 -0.0575 -0.2783
vn -0.9310 -0.2134 -0.2961
vn -0.9753 -0.2052 -0.0819
vn -0.8570 -0.4245 -0.2922
vn -0.8875 -0.4529 -0.0851
vn -0.8176 -0.0558 -0.5731
vn -0.8090 -0.1978 -0.5535
vn -0.7571 -0.3819 -0.5301
vn -0.9970 -0.0451 0.0633
vn -0.9753 -0.2052 0.0819
vn -0.9310 -0.2134 0.2961
vn -0.9588 -0.0575 0.2783
vn -0.8090 -0.1978 0.5535
vn -0.8176 -0.0558 0.5731
vn -0.8875 -0.4529 0.0851
vn -0.8570 -0.4245 0.2922
vn -0.7571 -0.3819 0.5301
vn -0.9970 0.0451 0.0633
vn -0.9588 0.0575 0.2783
vn -0.9310 0.2134 0.2961
vn -0.9753 0.2052 0.0819
vn -0.8570 0.4245 0.2922
vn -0.8875 0.4529 0.0851
vn -0.8176 0.0559 0.5731
vn -0.8090 0.1978 0.5535
vn -0.7571 0.3819 0.5301
vn -0.9970 0.0451 -0.0633
vn -0.9753 0.2052 -0.0819
vn -0.9310 0.2134 -0.2961
vn -0.9588 0.0575 -0.2783
vn -0.8090 0.1978 -0.5535
vn -0.8176 0.0558 -0.5731
vn -0.8875 0.4529 -0.0851
vn -0.8570 0.4245 -0.2922
vn -0.7571 0.3819 -0.5301
vn -0.0453 -0.9990 -0.0000
vn -0.2047 -0.9788 -0.0000
vn -0.4538 -0.8911 -0.0000
vn -0.7071 -0.7071 -0.0000
vn 0.0000 -0.9980 -0.0635
vn 0.0000 -0.9604 -0.2787
vn 0.0000 -0.8183 -0.5748
vn 0.0000 -0.5868 -0.8097
vn 0.0453 -0.9990 -0.0000
vn 0.2047 -0.9788 -0.0000
vn 0.4538 -0.8911 -0.0000
vn 0.7071 -0.7071 -0.0000
vn 0.0000 -0.9980 0.0635
vn 0.0000 -0.9604 0.2787
vn 0.0000 -0.8183 0.5748
vn 0.0000 -0.5868 0.8097
vn 0.0000 0.9980 0.0635
vn 0.0000 0.9604 0.2787
vn 0.0000 0.8183 0.5749
vn 0.0000 0.5868 0.8097
vn 0.0453 0.9990 -0.0000
vn 0.2047 0.9788 -0.0000
vn 0.4538 0.8911 -0.0000
vn 0.7071 0.7071 -0.0000
vn 0.0000 0.9980 -0.0635
vn 0.0000 0.9604 -0.2787
vn 0.0000 0.8183 -0.5749
vn 0.0000 0.5868 -0.8097
vn -0.0453 0.9990 -0.0000
vn -0.2047 0.9788 -0.0000
vn -0.4538 0.8911 -0.0000
vn -0.7071 0.7071 -0.0000
vn 0.0000 -0.0323 0.9995
vn 0.0000 -0.1483 0.9889
vn 0.0000 -0.3445 0.9388
vn 0.0323 0.0000 0.9995
vn 0.1483 0.0000 0.9889
vn 0.3445 0.0000 0.9388
vn 0.5868 0.0000 0.8097
vn 0.0000 0.0323 0.9995
vn 0.0000 0.1483 0.9889
vn 0.0000 0.3445 0.9388
vn -0.0323 0.0000 0.9995
vn -0.1483 0.0000 0.9889
vn -0.3445 0.0000 0.9388
vn -0.5868 0.0000 0.8097
vn 0.9990 -0.0453 -0.0000
vn 0.9788 -0.2047 -0.0000
vn 0.8911 -0.4538 -0.0000
vn 0.9980 0.0000 -0.0635
vn 0.9604 0.0000 -0.2787
vn 0.8182 0.0000 -0.5749
vn 0.5868 0.0000 -0.8097
vn 0.9990 0.0453 -0.0000
vn 0.9788 0.2047 -0.0000
vn 0.8911 0.4538 -0.0000
vn 0.9980 0.0000 0.0635
vn 0.9604 0.0000 0.2787
vn 0.8182 0.0000 0.5749
vn 0.0000 -0.0323 -0.9995
vn 0.0000 -0.1483 -0.9889
vn 0.0000 -0.3445 -0.9388
vn -0.0323 0.0000 -0.9995
vn -0.1483 0.0000 -0.9889
vn -0.3445 0.0000 -0.9388
vn -0.5868 0.0000 -0.8097
vn 0.0000 0.0323 -0.9995
vn 0.0000 0.1483 -0.9889
vn 0.0000 0.3445 -0.9388
vn 0.0323 0.0000 -0.9995
vn 0.1483 0.0000 -0.9889
vn 0.3445 0.0000 -0.9388
vn -0.9990 -0.0453 -0.0000
vn -0.9788 -0.2047 -0.0000
vn -0.8911 -0.4538 -0.0000
vn -0.9980 0.0000 0.0635
vn -0.9604 0.0000 0.2787
vn -0.8182 0.0000 0.5749
vn -0.9990 0.0453 -0.0000
vn -0.9788 0.2047 -0.0000
vn -0.8911 0.4538 -0.0000
vn -0.9980 0.0000 -0.0635
vn -0.9604 0.0000 -0.2787
vn -0.8182 0.0000 -0.5749
# 386 vertex normals

vt 0.4730 0.8708 0.0000
vt 0.0194 0.8708 0.0000
vt 0.0194 0.6618 0.0000
vt 0.4730 0.6618 0.0000
vt 0.4776 0.2299 0.0000
vt 0.0239 0.2299 0.0000
vt 0.0239 0.0209 0.0000
vt 0.4776 0.0209 0.0000
vt 0.9740 0.3606 0.0000
vt 0.5203 0.3606 0.0000
vt 0.5203 0.0246 0.0000
vt 0.9740 0.0246 0.0000
vt 0.9791 0.7532 0.0000
vt 0.7701 0.7532 0.0000
vt 0.7701 0.4172 0.0000
vt 0.9791 0.4172 0.0000
vt 0.4730 0.6133 0.0000
vt 0.0194 0.6133 0.0000
vt 0.0194 0.2773 0.0000
vt 0.4730 0.2773 0.0000
vt 0.7263 0.7532 0.0000
vt 0.5174 0.7532 0.0000
vt 0.5174 0.4172 0.0000
vt 0.7263 0.4172 0.0000
vt 0.0096 0.8821 0.0000
vt 0.0096 0.8856 0.0000
vt 0.0063 0.8854 0.0000
vt 0.0061 0.8821 0.0000
vt 0.0035 0.8851 0.0000
vt 0.0032 0.8821 0.0000
vt 0.0012 0.8848 0.0000
vt 0.0010 0.8821 0.0000
vt 0.0096 0.8885 0.0000
vt 0.0065 0.8882 0.0000
vt 0.0039 0.8878 0.0000
vt 0.0016 0.8872 0.0000
vt 0.0096 0.8907 0.0000
vt 0.0069 0.8905 0.0000
vt 0.0045 0.8901 0.0000
vt 0.0024 0.8893 0.0000
vt 0.0096 0.6505 0.0000
vt 0.0061 0.6505 0.0000
vt 0.0063 0.6471 0.0000
vt 0.0096 0.6469 0.0000
vt 0.0065 0.6443 0.0000
vt 0.0096 0.6441 0.0000
vt 0.0069 0.6420 0.0000
vt 0.0096 0.6418 0.0000
vt 0.0032 0.6505 0.0000
vt 0.0035 0.6474 0.0000
vt 0.0039 0.6447 0.0000
vt 0.0045 0.6425 0.0000
vt 0.0010 0.6505 0.0000
vt 0.0012 0.6477 0.0000
vt 0.0016 0.6454 0.0000
vt 0.0024 0.6433 0.0000
vt 0.4828 0.6505 0.0000
vt 0.4828 0.6469 0.0000
vt 0.4862 0.6471 0.0000
vt 0.4863 0.6505 0.0000
vt 0.4890 0.6474 0.0000
vt 0.4892 0.6505 0.0000
vt 0.4913 0.6477 0.0000
vt 0.4914 0.6505 0.0000
vt 0.4828 0.6441 0.0000
vt 0.4859 0.6443 0.0000
vt 0.4886 0.6447 0.0000
vt 0.4908 0.6454 0.0000
vt 0.4828 0.6418 0.0000
vt 0.4855 0.6420 0.0000
vt 0.4879 0.6425 0.0000
vt 0.4900 0.6433 0.0000
vt 0.4828 0.8821 0.0000
vt 0.4863 0.8821 0.0000
vt 0.4862 0.8854 0.0000
vt 0.4828 0.8856 0.0000
vt 0.4859 0.8882 0.0000
vt 0.4828 0.8885 0.0000
vt 0.4855 0.8905 0.0000
vt 0.4828 0.8907 0.0000
vt 0.4892 0.8821 0.0000
vt 0.4890 0.8851 0.0000
vt 0.4886 0.8878 0.0000
vt 0.4879 0.8901 0.0000
vt 0.4914 0.8821 0.0000
vt 0.4913 0.8848 0.0000
vt 0.4908 0.8872 0.0000
vt 0.4900 0.8893 0.0000
vt 0.0141 0.0096 0.0000
vt 0.0106 0.0096 0.0000
vt 0.0108 0.0063 0.0000
vt 0.0141 0.0061 0.0000
vt 0.0111 0.0035 0.0000
vt 0.0141 0.0032 0.0000
vt 0.0114 0.0012 0.0000
vt 0.0141 0.0010 0.0000
vt 0.0078 0.0096 0.0000
vt 0.0080 0.0065 0.0000
vt 0.0084 0.0039 0.0000
vt 0.0090 0.0016 0.0000
vt 0.0055 0.0096 0.0000
vt 0.0057 0.0069 0.0000
vt 0.0062 0.0045 0.0000
vt 0.0070 0.0024 0.0000
vt 0.4873 0.0096 0.0000
vt 0.4873 0.0061 0.0000
vt 0.4907 0.0063 0.0000
vt 0.4908 0.0096 0.0000
vt 0.4935 0.0065 0.0000
vt 0.4937 0.0096 0.0000
vt 0.4958 0.0069 0.0000
vt 0.4960 0.0096 0.0000
vt 0.4873 0.0032 0.0000
vt 0.4904 0.0035 0.0000
vt 0.4931 0.0039 0.0000
vt 0.4953 0.0045 0.0000
vt 0.4873 0.0010 0.0000
vt 0.4900 0.0012 0.0000
vt 0.4924 0.0016 0.0000
vt 0.4945 0.0024 0.0000
vt 0.4873 0.2412 0.0000
vt 0.4908 0.2412 0.0000
vt 0.4907 0.2446 0.0000
vt 0.4873 0.2447 0.0000
vt 0.4904 0.2474 0.0000
vt 0.4873 0.2476 0.0000
vt 0.4900 0.2497 0.0000
vt 0.4873 0.2499 0.0000
vt 0.4937 0.2412 0.0000
vt 0.4935 0.2443 0.0000
vt 0.4931 0.2470 0.0000
vt 0.4924 0.2492 0.0000
vt 0.4960 0.2412 0.0000
vt 0.4958 0.2439 0.0000
vt 0.4953 0.2463 0.0000
vt 0.4945 0.2484 0.0000
vt 0.0141 0.2412 0.0000
vt 0.0141 0.2447 0.0000
vt 0.0108 0.2446 0.0000
vt 0.0106 0.2412 0.0000
vt 0.0080 0.2443 0.0000
vt 0.0078 0.2412 0.0000
vt 0.0057 0.2439 0.0000
vt 0.0055 0.2412 0.0000
vt 0.0141 0.2476 0.0000
vt 0.0111 0.2474 0.0000
vt 0.0084 0.2470 0.0000
vt 0.0062 0.2463 0.0000
vt 0.0141 0.2499 0.0000
vt 0.0114 0.2497 0.0000
vt 0.0090 0.2492 0.0000
vt 0.0070 0.2484 0.0000
vt 0.5106 0.0096 0.0000
vt 0.5070 0.0096 0.0000
vt 0.5072 0.0063 0.0000
vt 0.5106 0.0061 0.0000
vt 0.5075 0.0035 0.0000
vt 0.5106 0.0032 0.0000
vt 0.5078 0.0012 0.0000
vt 0.5106 0.0010 0.0000
vt 0.5042 0.0096 0.0000
vt 0.5044 0.0065 0.0000
vt 0.5048 0.0039 0.0000
vt 0.5055 0.0016 0.0000
vt 0.5019 0.0096 0.0000
vt 0.5021 0.0069 0.0000
vt 0.5026 0.0045 0.0000
vt 0.5034 0.0024 0.0000
vt 0.9837 0.0096 0.0000
vt 0.9837 0.0061 0.0000
vt 0.9871 0.0063 0.0000
vt 0.9873 0.0096 0.0000
vt 0.9899 0.0065 0.0000
vt 0.9901 0.0096 0.0000
vt 0.9922 0.0069 0.0000
vt 0.9924 0.0096 0.0000
vt 0.9837 0.0032 0.0000
vt 0.9868 0.0035 0.0000
vt 0.9895 0.0039 0.0000
vt 0.9917 0.0045 0.0000
vt 0.9837 0.0010 0.0000
vt 0.9865 0.0012 0.0000
vt 0.9889 0.0016 0.0000
vt 0.9909 0.0024 0.0000
vt 0.9837 0.3755 0.0000
vt 0.9873 0.3755 0.0000
vt 0.9871 0.3789 0.0000
vt 0.9837 0.3790 0.0000
vt 0.9868 0.3817 0.0000
vt 0.9837 0.3819 0.0000
vt 0.9865 0.3840 0.0000
vt 0.9837 0.3842 0.0000
vt 0.9901 0.3755 0.0000
vt 0.9899 0.3786 0.0000
vt 0.9895 0.3813 0.0000
vt 0.9889 0.3835 0.0000
vt 0.9924 0.3755 0.0000
vt 0.9922 0.3782 0.0000
vt 0.9917 0.3806 0.0000
vt 0.9909 0.3827 0.0000
vt 0.5106 0.3755 0.0000
vt 0.5106 0.3790 0.0000
vt 0.5072 0.3789 0.0000
vt 0.5070 0.3755 0.0000
vt 0.5044 0.3786 0.0000
vt 0.5042 0.3755 0.0000
vt 0.5021 0.3782 0.0000
vt 0.5019 0.3755 0.0000
vt 0.5106 0.3819 0.0000
vt 0.5075 0.3817 0.0000
vt 0.5048 0.3813 0.0000
vt 0.5026 0.3806 0.0000
vt 0.5106 0.3842 0.0000
vt 0.5078 0.3840 0.0000
vt 0.5055 0.3835 0.0000
vt 0.5034 0.3827 0.0000
vt 0.7588 0.4023 0.0000
vt 0.7553 0.4023 0.0000
vt 0.7554 0.3989 0.0000
vt 0.7588 0.3987 0.0000
vt 0.7557 0.3961 0.0000
vt 0.7588 0.3959 0.0000
vt 0.7561 0.3938 0.0000
vt 0.7588 0.3936 0.0000
vt 0.7524 0.4023 0.0000
vt 0.7526 0.3992 0.0000
vt 0.7530 0.3965 0.0000
vt 0.7537 0.3943 0.0000
vt 0.7501 0.4023 0.0000
vt 0.7503 0.3995 0.0000
vt 0.7508 0.3971 0.0000
vt 0.7516 0.3951 0.0000
vt 0.9904 0.4023 0.0000
vt 0.9904 0.3987 0.0000
vt 0.9937 0.3989 0.0000
vt 0.9939 0.4023 0.0000
vt 0.9965 0.3992 0.0000
vt 0.9968 0.4023 0.0000
vt 0.9988 0.3995 0.0000
vt 0.9990 0.4023 0.0000
vt 0.9904 0.3959 0.0000
vt 0.9935 0.3961 0.0000
vt 0.9961 0.3965 0.0000
vt 0.9984 0.3971 0.0000
vt 0.9904 0.3936 0.0000
vt 0.9931 0.3938 0.0000
vt 0.9955 0.3943 0.0000
vt 0.9976 0.3951 0.0000
vt 0.9904 0.7681 0.0000
vt 0.9939 0.7681 0.0000
vt 0.9937 0.7715 0.0000
vt 0.9904 0.7717 0.0000
vt 0.9935 0.7743 0.0000
vt 0.9904 0.7745 0.0000
vt 0.9931 0.7766 0.0000
vt 0.9904 0.7768 0.0000
vt 0.9968 0.7681 0.0000
vt 0.9965 0.7712 0.0000
vt 0.9961 0.7739 0.0000
vt 0.9955 0.7761 0.0000
vt 0.9990 0.7681 0.0000
vt 0.9988 0.7709 0.0000
vt 0.9984 0.7733 0.0000
vt 0.9976 0.7753 0.0000
vt 0.7588 0.7681 0.0000
vt 0.7588 0.7717 0.0000
vt 0.7554 0.7715 0.0000
vt 0.7553 0.7681 0.0000
vt 0.7526 0.7712 0.0000
vt 0.7524 0.7681 0.0000
vt 0.7503 0.7709 0.0000
vt 0.7501 0.7681 0.0000
vt 0.7588 0.7745 0.0000
vt 0.7557 0.7743 0.0000
vt 0.7530 0.7739 0.0000
vt 0.7508 0.7733 0.0000
vt 0.7588 0.7768 0.0000
vt 0.7561 0.7766 0.0000
vt 0.7537 0.7761 0.0000
vt 0.7516 0.7753 0.0000
vt 0.0096 0.2624 0.0000
vt 0.0061 0.2624 0.0000
vt 0.0063 0.2590 0.0000
vt 0.0096 0.2588 0.0000
vt 0.0065 0.2562 0.0000
vt 0.0096 0.2560 0.0000
vt 0.0069 0.2539 0.0000
vt 0.0096 0.2537 0.0000
vt 0.0032 0.2624 0.0000
vt 0.0035 0.2593 0.0000
vt 0.0039 0.2566 0.0000
vt 0.0045 0.2544 0.0000
vt 0.0010 0.2624 0.0000
vt 0.0012 0.2596 0.0000
vt 0.0016 0.2572 0.0000
vt 0.0024 0.2552 0.0000
vt 0.4828 0.2624 0.0000
vt 0.4828 0.2588 0.0000
vt 0.4862 0.2590 0.0000
vt 0.4863 0.2624 0.0000
vt 0.4890 0.2593 0.0000
vt 0.4892 0.2624 0.0000
vt 0.4913 0.2596 0.0000
vt 0.4914 0.2624 0.0000
vt 0.4828 0.2560 0.0000
vt 0.4859 0.2562 0.0000
vt 0.4886 0.2566 0.0000
vt 0.4908 0.2572 0.0000
vt 0.4828 0.2537 0.0000
vt 0.4855 0.2539 0.0000
vt 0.4879 0.2544 0.0000
vt 0.4900 0.2552 0.0000
vt 0.4828 0.6282 0.0000
vt 0.4863 0.6282 0.0000
vt 0.4862 0.6316 0.0000
vt 0.4828 0.6318 0.0000
vt 0.4859 0.6344 0.0000
vt 0.4828 0.6346 0.0000
vt 0.4855 0.6367 0.0000
vt 0.4828 0.6369 0.0000
vt 0.4892 0.6282 0.0000
vt 0.4890 0.6313 0.0000
vt 0.4886 0.6340 0.0000
vt 0.4879 0.6362 0.0000
vt 0.4914 0.6282 0.0000
vt 0.4913 0.6310 0.0000
vt 0.4908 0.6334 0.0000
vt 0.4900 0.6354 0.0000
vt 0.0096 0.6282 0.0000
vt 0.0096 0.6318 0.0000
vt 0.0063 0.6316 0.0000
vt 0.0061 0.6282 0.0000
vt 0.0035 0.6313 0.0000
vt 0.0032 0.6282 0.0000
vt 0.0012 0.6310 0.0000
vt 0.0010 0.6282 0.0000
vt 0.0096 0.6346 0.0000
vt 0.0065 0.6344 0.0000
vt 0.0039 0.6340 0.0000
vt 0.0016 0.6334 0.0000
vt 0.0096 0.6369 0.0000
vt 0.0069 0.6367 0.0000
vt 0.0045 0.6362 0.0000
vt 0.0024 0.6354 0.0000
vt 0.5061 0.4023 0.0000
vt 0.5025 0.4023 0.0000
vt 0.5027 0.3989 0.0000
vt 0.5061 0.3987 0.0000
vt 0.5030 0.3961 0.0000
vt 0.5061 0.3959 0.0000
vt 0.5033 0.3938 0.0000
vt 0.5061 0.3936 0.0000
vt 0.4997 0.4023 0.0000
vt 0.4999 0.3992 0.0000
vt 0.5003 0.3965 0.0000
vt 0.5009 0.3943 0.0000
vt 0.4974 0.4023 0.0000
vt 0.4976 0.3995 0.0000
vt 0.4981 0.3971 0.0000
vt 0.4989 0.3951 0.0000
vt 0.7376 0.4023 0.0000
vt 0.7376 0.3987 0.0000
vt 0.7410 0.3989 0.0000
vt 0.7412 0.4023 0.0000
vt 0.7438 0.3992 0.0000
vt 0.7440 0.4023 0.0000
vt 0.7461 0.3995 0.0000
vt 0.7463 0.4023 0.0000
vt 0.7376 0.3959 0.0000
vt 0.7407 0.3961 0.0000
vt 0.7434 0.3965 0.0000
vt 0.7456 0.3971 0.0000
vt 0.7376 0.3936 0.0000
vt 0.7404 0.3938 0.0000
vt 0.7428 0.3943 0.0000
vt 0.7448 0.3951 0.0000
vt 0.7376 0.7681 0.0000
vt 0.7412 0.7681 0.0000
vt 0.7410 0.7715 0.0000
vt 0.7376 0.7717 0.0000
vt 0.7407 0.7743 0.0000
vt 0.7376 0.7745 0.0000
vt 0.7404 0.7766 0.0000
vt 0.7376 0.7768 0.0000
vt 0.7440 0.7681 0.0000
vt 0.7438 0.7712 0.0000
vt 0.7434 0.7739 0.0000
vt 0.7428 0.7761 0.0000
vt 0.7463 0.7681 0.0000
vt 0.7461 0.7709 0.0000
vt 0.7456 0.7733 0.0000
vt 0.7448 0.7753 0.0000
vt 0.5061 0.7681 0.0000
vt 0.5061 0.7717 0.0000
vt 0.5027 0.7715 0.0000
vt 0.5025 0.7681 0.0000
vt 0.4999 0.7712 0.0000
vt 0.4997 0.7681 0.0000
vt 0.4976 0.7709 0.0000
vt 0.4974 0.7681 0.0000
vt 0.5061 0.7745 0.0000
vt 0.5030 0.7743 0.0000
vt 0.5003 0.7739 0.0000
vt 0.4981 0.7733 0.0000
vt 0.5061 0.7768 0.0000
vt 0.5033 0.7766 0.0000
vt 0.5009 0.7761 0.0000
vt 0.4989 0.7753 0.0000
vt 0.0096 0.8708 0.0000
vt 0.0061 0.8708 0.0000
vt 0.0061 0.6618 0.0000
vt 0.0096 0.6618 0.0000
vt 0.0032 0.8708 0.0000
vt 0.0032 0.6618 0.0000
vt 0.0010 0.8708 0.0000
vt 0.0010 0.6618 0.0000
vt 0.0194 0.6505 0.0000
vt 0.0194 0.6469 0.0000
vt 0.4730 0.6469 0.0000
vt 0.4730 0.6505 0.0000
vt 0.0194 0.6441 0.0000
vt 0.4730 0.6441 0.0000
vt 0.0194 0.6418 0.0000
vt 0.4730 0.6418 0.0000
vt 0.4828 0.6618 0.0000
vt 0.4863 0.6618 0.0000
vt 0.4863 0.8708 0.0000
vt 0.4828 0.8708 0.0000
vt 0.4892 0.6618 0.0000
vt 0.4892 0.8708 0.0000
vt 0.4914 0.6618 0.0000
vt 0.4914 0.8708 0.0000
vt 0.4730 0.8821 0.0000
vt 0.4730 0.8856 0.0000
vt 0.0194 0.8856 0.0000
vt 0.0194 0.8821 0.0000
vt 0.4730 0.8885 0.0000
vt 0.0194 0.8885 0.0000
vt 0.4730 0.8907 0.0000
vt 0.0194 0.8907 0.0000
vt 0.0239 0.0096 0.0000
vt 0.0239 0.0061 0.0000
vt 0.4776 0.0061 0.0000
vt 0.4776 0.0096 0.0000
vt 0.0239 0.0032 0.0000
vt 0.4776 0.0032 0.0000
vt 0.0239 0.0010 0.0000
vt 0.4776 0.0010 0.0000
vt 0.4873 0.0209 0.0000
vt 0.4908 0.0209 0.0000
vt 0.4908 0.2299 0.0000
vt 0.4873 0.2299 0.0000
vt 0.4937 0.0209 0.0000
vt 0.4937 0.2299 0.0000
vt 0.4960 0.0209 0.0000
vt 0.4960 0.2299 0.0000
vt 0.4776 0.2412 0.0000
vt 0.4776 0.2447 0.0000
vt 0.0239 0.2447 0.0000
vt 0.0239 0.2412 0.0000
vt 0.4776 0.2476 0.0000
vt 0.0239 0.2476 0.0000
vt 0.4776 0.2499 0.0000
vt 0.0239 0.2499 0.0000
vt 0.0141 0.2299 0.0000
vt 0.0106 0.2299 0.0000
vt 0.0106 0.0209 0.0000
vt 0.0141 0.0209 0.0000
vt 0.0078 0.2299 0.0000
vt 0.0078 0.0209 0.0000
vt 0.0055 0.2299 0.0000
vt 0.0055 0.0209 0.0000
vt 0.5203 0.0096 0.0000
vt 0.5203 0.0061 0.0000
vt 0.9740 0.0061 0.0000
vt 0.9740 0.0096 0.0000
vt 0.5203 0.0032 0.0000
vt 0.9740 0.0032 0.0000
vt 0.5203 0.0010 0.0000
vt 0.9740 0.0010 0.0000
vt 0.9837 0.0246 0.0000
vt 0.9873 0.0246 0.0000
vt 0.9873 0.3606 0.0000
vt 0.9837 0.3606 0.0000
vt 0.9901 0.0246 0.0000
vt 0.9901 0.3606 0.0000
vt 0.9924 0.0246 0.0000
vt 0.9924 0.3606 0.0000
vt 0.9740 0.3755 0.0000
vt 0.9740 0.3790 0.0000
vt 0.5203 0.3790 0.0000
vt 0.5203 0.3755 0.0000
vt 0.9740 0.3819 0.0000
vt 0.5203 0.3819 0.0000
vt 0.9740 0.3842 0.0000
vt 0.5203 0.3842 0.0000
vt 0.5106 0.3606 0.0000
vt 0.5070 0.3606 0.0000
vt 0.5070 0.0246 0.0000
vt 0.5106 0.0246 0.0000
vt 0.5042 0.3606 0.0000
vt 0.5042 0.0246 0.0000
vt 0.5019 0.3606 0.0000
vt 0.5019 0.0246 0.0000
vt 0.7701 0.4023 0.0000
vt 0.7701 0.3987 0.0000
vt 0.9791 0.3987 0.0000
vt 0.9791 0.4023 0.0000
vt 0.7701 0.3959 0.0000
vt 0.9791 0.3959 0.0000
vt 0.7701 0.3936 0.0000
vt 0.9791 0.3936 0.0000
vt 0.9904 0.4172 0.0000
vt 0.9939 0.4172 0.0000
vt 0.9939 0.7532 0.0000
vt 0.9904 0.7532 0.0000
vt 0.9968 0.4172 0.0000
vt 0.9968 0.7532 0.0000
vt 0.9990 0.4172 0.0000
vt 0.9990 0.7532 0.0000
vt 0.9791 0.7681 0.0000
vt 0.9791 0.7717 0.0000
vt 0.7701 0.7717 0.0000
vt 0.7701 0.7681 0.0000
vt 0.9791 0.7745 0.0000
vt 0.7701 0.7745 0.0000
vt 0.9791 0.7768 0.0000
vt 0.7701 0.7768 0.0000
vt 0.7588 0.7532 0.0000
vt 0.7553 0.7532 0.0000
vt 0.7553 0.4172 0.0000
vt 0.7588 0.4172 0.0000
vt 0.7524 0.7532 0.0000
vt 0.7524 0.4172 0.0000
vt 0.7501 0.7532 0.0000
vt 0.7501 0.4172 0.0000
vt 0.0194 0.2624 0.0000
vt 0.0194 0.2588 0.0000
vt 0.4730 0.2588 0.0000
vt 0.4730 0.2624 0.0000
vt 0.0194 0.2560 0.0000
vt 0.4730 0.2560 0.0000
vt 0.0194 0.2537 0.0000
vt 0.4730 0.2537 0.0000
vt 0.4828 0.2773 0.0000
vt 0.4863 0.2773 0.0000
vt 0.4863 0.6133 0.0000
vt 0.4828 0.6133 0.0000
vt 0.4892 0.2773 0.0000
vt 0.4892 0.6133 0.0000
vt 0.4914 0.2773 0.0000
vt 0.4914 0.6133 0.0000
vt 0.4730 0.6282 0.0000
vt 0.4730 0.6318 0.0000
vt 0.0194 0.6318 0.0000
vt 0.0194 0.6282 0.0000
vt 0.4730 0.6346 0.0000
vt 0.0194 0.6346 0.0000
vt 0.4730 0.6369 0.0000
vt 0.0194 0.6369 0.0000
vt 0.0096 0.6133 0.0000
vt 0.0061 0.6133 0.0000
vt 0.0061 0.2773 0.0000
vt 0.0096 0.2773 0.0000
vt 0.0032 0.6133 0.0000
vt 0.0032 0.2773 0.0000
vt 0.0010 0.6133 0.0000
vt 0.0010 0.2773 0.0000
vt 0.5174 0.4023 0.0000
vt 0.5174 0.3987 0.0000
vt 0.7263 0.3987 0.0000
vt 0.7263 0.4023 0.0000
vt 0.5174 0.3959 0.0000
vt 0.7263 0.3959 0.0000
vt 0.5174 0.3936 0.0000
vt 0.7263 0.3936 0.0000
vt 0.7376 0.4172 0.0000
vt 0.7412 0.4172 0.0000
vt 0.7412 0.7532 0.0000
vt 0.7376 0.7532 0.0000
vt 0.7440 0.4172 0.0000
vt 0.7440 0.7532 0.0000
vt 0.7463 0.4172 0.0000
vt 0.7463 0.7532 0.0000
vt 0.7263 0.7681 0.0000
vt 0.7263 0.7717 0.0000
vt 0.5174 0.7717 0.0000
vt 0.5174 0.7681 0.0000
vt 0.7263 0.7745 0.0000
vt 0.5174 0.7745 0.0000
vt 0.7263 0.7768 0.0000
vt 0.5174 0.7768 0.0000
vt 0.5061 0.7532 0.0000
vt 0.5025 0.7532 0.0000
vt 0.5025 0.4172 0.0000
vt 0.5061 0.4172 0.0000
vt 0.4997 0.7532 0.0000
vt 0.4997 0.4172 0.0000
vt 0.4974 0.7532 0.0000
vt 0.4974 0.4172 0.0000
# 600 texture coords

o Box001
g Box001
usemtl wire_027006001
s 1
f 1/1/1 2/2/1 3/3/1 4/4/1 
f 5/5/2 6/6/2 7/7/2 8/8/2 
f 9/9/3 10/10/3 11/11/3 12/12/3 
f 13/13/4 14/14/4 15/15/4 16/16/4 
f 17/17/5 18/18/5 19/19/5 20/20/5 
f 21/21/6 22/22/6 23/23/6 24/24/6 
f 25/25/7 26/26/8 27/27/9 28/28/10 
f 28/28/10 27/27/9 29/29/11 30/30/12 
f 30/30/12 29/29/11 31/31/13 32/32/14 
f 26/26/8 33/33/15 34/34/16 27/27/9 
f 27/27/9 34/34/16 35/35/17 29/29/11 
f 29/29/11 35/35/17 36/36/18 31/31/13 
f 33/33/15 37/37/19 38/38/20 34/34/16 
f 34/34/16 38/38/20 39/39/21 35/35/17 
f 35/35/17 39/39/21 40/40/22 36/36/18 
f 41/41/23 42/42/24 43/43/25 44/44/26 
f 44/44/26 43/43/25 45/45/27 46/46/28 
f 46/46/28 45/45/27 47/47/29 48/48/30 
f 42/42/24 49/49/31 50/50/32 43/43/25 
f 43/43/25 50/50/32 51/51/33 45/45/27 
f 45/45/27 51/51/33 52/52/34 47/47/29 
f 49/49/31 53/53/35 54/54/36 50/50/32 
f 50/50/32 54/54/36 55/55/37 51/51/33 
f 51/51/33 55/55/37 56/56/38 52/52/34 
f 57/57/39 58/58/40 59/59/41 60/60/42 
f 60/60/42 59/59/41 61/61/43 62/62/44 
f 62/62/44 61/61/43 63/63/45 64/64/46 
f 58/58/40 65/65/47 66/66/48 59/59/41 
f 59/59/41 66/66/48 67/67/49 61/61/43 
f 61/61/43 67/67/49 68/68/50 63/63/45 
f 65/65/47 69/69/51 70/70/52 66/66/48 
f 66/66/48 70/70/52 71/71/53 67/67/49 
f 67/67/49 71/71/53 72/72/54 68/68/50 
f 73/73/55 74/74/56 75/75/57 76/76/58 
f 76/76/58 75/75/57 77/77/59 78/78/60 
f 78/78/60 77/77/59 79/79/61 80/80/62 
f 74/74/56 81/81/63 82/82/64 75/75/57 
f 75/75/57 82/82/64 83/83/65 77/77/59 
f 77/77/59 83/83/65 84/84/66 79/79/61 
f 81/81/63 85/85/67 86/86/68 82/82/64 
f 82/82/64 86/86/68 87/87/69 83/83/65 
f 83/83/65 87/87/69 88/88/70 84/84/66 
f 89/89/71 90/90/72 91/91/73 92/92/74 
f 92/92/74 91/91/73 93/93/75 94/94/76 
f 94/94/76 93/93/75 95/95/77 96/96/78 
f 90/90/72 97/97/79 98/98/80 91/91/73 
f 91/91/73 98/98/80 99/99/81 93/93/75 
f 93/93/75 99/99/81 100/100/82 95/95/77 
f 97/97/79 101/101/83 102/102/84 98/98/80 
f 98/98/80 102/102/84 103/103/85 99/99/81 
f 99/99/81 103/103/85 104/104/86 100/100/82 
f 105/105/87 106/106/88 107/107/89 108/108/90 
f 108/108/90 107/107/89 109/109/91 110/110/92 
f 110/110/92 109/109/91 111/111/93 112/112/94 
f 106/106/88 113/113/95 114/114/96 107/107/89 
f 107/107/89 114/114/96 115/115/97 109/109/91 
f 109/109/91 115/115/97 116/116/98 111/111/93 
f 113/113/95 117/117/99 118/118/100 114/114/96 
f 114/114/96 118/118/100 119/119/101 115/115/97 
f 115/115/97 119/119/101 120/120/102 116/116/98 
f 121/121/103 122/122/104 123/123/105 124/124/106 
f 124/124/106 123/123/105 125/125/107 126/126/108 
f 126/126/108 125/125/107 127/127/109 128/128/110 
f 122/122/104 129/129/111 130/130/112 123/123/105 
f 123/123/105 130/130/112 131/131/113 125/125/107 
f 125/125/107 131/131/113 132/132/114 127/127/109 
f 129/129/111 133/133/115 134/134/116 130/130/112 
f 130/130/112 134/134/116 135/135/117 131/131/113 
f 131/131/113 135/135/117 136/136/118 132/132/114 
f 137/137/119 138/138/120 139/139/121 140/140/122 
f 140/140/122 139/139/121 141/141/123 142/142/124 
f 142/142/124 141/141/123 143/143/125 144/144/126 
f 138/138/120 145/145/127 146/146/128 139/139/121 
f 139/139/121 146/146/128 147/147/129 141/141/123 
f 141/141/123 147/147/129 148/148/130 143/143/125 
f 145/145/127 149/149/131 150/150/132 146/146/128 
f 146/146/128 150/150/132 151/151/133 147/147/129 
f 147/147/129 151/151/133 152/152/134 148/148/130 
f 153/153/135 154/154/136 155/155/137 156/156/138 
f 156/156/138 155/155/137 157/157/139 158/158/140 
f 158/158/140 157/157/139 38/159/20 37/160/19 
f 154/154/136 159/161/141 160/162/142 155/155/137 
f 155/155/137 160/162/142 161/163/143 157/157/139 
f 157/157/139 161/163/143 39/164/21 38/159/20 
f 159/161/141 162/165/144 163/166/145 160/162/142 
f 160/162/142 163/166/145 164/167/146 161/163/143 
f 161/163/143 164/167/146 40/168/22 39/164/21 
f 165/169/147 166/170/148 167/171/149 168/172/150 
f 168/172/150 167/171/149 169/173/151 170/174/152 
f 170/174/152 169/173/151 171/175/153 172/176/154 
f 166/170/148 173/177/155 174/178/156 167/171/149 
f 167/171/149 174/178/156 175/179/157 169/173/151 
f 169/173/151 175/179/157 176/180/158 171/175/153 
f 173/177/155 80/181/62 79/182/61 174/178/156 
f 174/178/156 79/182/61 84/183/66 175/179/157 
f 175/179/157 84/183/66 88/184/70 176/180/158 
f 177/185/159 178/186/160 179/187/161 180/188/162 
f 180/188/162 179/187/161 181/189/163 182/190/164 
f 182/190/164 181/189/163 118/191/100 117/192/99 
f 178/186/160 183/193/165 184/194/166 179/187/161 
f 179/187/161 184/194/166 185/195/167 181/189/163 
f 181/189/163 185/195/167 119/196/101 118/191/100 
f 183/193/165 186/197/168 187/198/169 184/194/166 
f 184/194/166 187/198/169 188/199/170 185/195/167 
f 185/195/167 188/199/170 120/200/102 119/196/101 
f 189/201/171 190/202/172 191/203/173 192/204/174 
f 192/204/174 191/203/173 193/205/175 194/206/176 
f 194/206/176 193/205/175 195/207/177 196/208/178 
f 190/202/172 197/209/179 198/210/180 191/203/173 
f 191/203/173 198/210/180 199/211/181 193/205/175 
f 193/205/175 199/211/181 200/212/182 195/207/177 
f 197/209/179 96/213/78 95/214/77 198/210/180 
f 198/210/180 95/214/77 100/215/82 199/211/181 
f 199/211/181 100/215/82 104/216/86 200/212/182 
f 201/217/183 202/218/184 203/219/185 204/220/186 
f 204/220/186 203/219/185 205/221/187 206/222/188 
f 206/222/188 205/221/187 86/223/68 85/224/67 
f 202/218/184 207/225/189 208/226/190 203/219/185 
f 203/219/185 208/226/190 209/227/191 205/221/187 
f 205/221/187 209/227/191 87/228/69 86/223/68 
f 207/225/189 172/229/154 171/230/153 208/226/190 
f 208/226/190 171/230/153 176/231/158 209/227/191 
f 209/227/191 176/231/158 88/232/70 87/228/69 
f 210/233/192 211/234/193 212/235/194 213/236/195 
f 213/236/195 212/235/194 214/237/196 215/238/197 
f 215/238/197 214/237/196 216/239/198 217/240/199 
f 211/234/193 218/241/200 219/242/201 212/235/194 
f 212/235/194 219/242/201 220/243/202 214/237/196 
f 214/237/196 220/243/202 221/244/203 216/239/198 
f 218/241/200 64/245/46 63/246/45 219/242/201 
f 219/242/201 63/246/45 68/247/50 220/243/202 
f 220/243/202 68/247/50 72/248/54 221/244/203 
f 222/249/204 223/250/205 224/251/206 225/252/207 
f 225/252/207 224/251/206 226/253/208 227/254/209 
f 227/254/209 226/253/208 134/255/116 133/256/115 
f 223/250/205 228/257/210 229/258/211 224/251/206 
f 224/251/206 229/258/211 230/259/212 226/253/208 
f 226/253/208 230/259/212 135/260/117 134/255/116 
f 228/257/210 231/261/213 232/262/214 229/258/211 
f 229/258/211 232/262/214 233/263/215 230/259/212 
f 230/259/212 233/263/215 136/264/118 135/260/117 
f 234/265/216 235/266/217 236/267/218 237/268/219 
f 237/268/219 236/267/218 238/269/220 239/270/221 
f 239/270/221 238/269/220 187/271/169 186/272/168 
f 235/266/217 240/273/222 241/274/223 236/267/218 
f 236/267/218 241/274/223 242/275/224 238/269/220 
f 238/269/220 242/275/224 188/276/170 187/271/169 
f 240/273/222 112/277/94 111/278/93 241/274/223 
f 241/274/223 111/278/93 116/279/98 242/275/224 
f 242/275/224 116/279/98 120/280/102 188/276/170 
f 243/281/225 244/282/226 245/283/227 246/284/228 
f 246/284/228 245/283/227 247/285/229 248/286/230 
f 248/286/230 247/285/229 70/287/52 69/288/51 
f 244/282/226 249/289/231 250/290/232 245/283/227 
f 245/283/227 250/290/232 251/291/233 247/285/229 
f 247/285/229 251/291/233 71/292/53 70/287/52 
f 249/289/231 217/293/199 216/294/198 250/290/232 
f 250/290/232 216/294/198 221/295/203 251/291/233 
f 251/291/233 221/295/203 72/296/54 71/292/53 
f 252/297/234 253/298/235 254/299/236 255/300/237 
f 255/300/237 254/299/236 256/301/238 257/302/239 
f 257/302/239 256/301/238 258/303/240 259/304/241 
f 253/298/235 260/305/242 261/306/243 254/299/236 
f 254/299/236 261/306/243 262/307/244 256/301/238 
f 256/301/238 262/307/244 263/308/245 258/303/240 
f 260/305/242 48/309/30 47/310/29 261/306/243 
f 261/306/243 47/310/29 52/311/34 262/307/244 
f 262/307/244 52/311/34 56/312/38 263/308/245 
f 264/313/246 265/314/247 266/315/248 267/316/249 
f 267/316/249 266/315/248 268/317/250 269/318/251 
f 269/318/251 268/317/250 150/319/132 149/320/131 
f 265/314/247 270/321/252 271/322/253 266/315/248 
f 266/315/248 271/322/253 272/323/254 268/317/250 
f 268/317/250 272/323/254 151/324/133 150/319/132 
f 270/321/252 273/325/255 274/326/256 271/322/253 
f 271/322/253 274/326/256 275/327/257 272/323/254 
f 272/323/254 275/327/257 152/328/134 151/324/133 
f 276/329/258 277/330/259 278/331/260 279/332/261 
f 279/332/261 278/331/260 280/333/262 281/334/263 
f 281/334/263 280/333/262 232/335/214 231/336/213 
f 277/330/259 282/337/264 283/338/265 278/331/260 
f 278/331/260 283/338/265 284/339/266 280/333/262 
f 280/333/262 284/339/266 233/340/215 232/335/214 
f 282/337/264 128/341/110 127/342/109 283/338/265 
f 283/338/265 127/342/109 132/343/114 284/339/266 
f 284/339/266 132/343/114 136/344/118 233/340/215 
f 285/345/267 286/346/268 287/347/269 288/348/270 
f 288/348/270 287/347/269 289/349/271 290/350/272 
f 290/350/272 289/349/271 54/351/36 53/352/35 
f 286/346/268 291/353/273 292/354/274 287/347/269 
f 287/347/269 292/354/274 293/355/275 289/349/271 
f 289/349/271 293/355/275 55/356/37 54/351/36 
f 291/353/273 259/357/241 258/358/240 292/354/274 
f 292/354/274 258/358/240 263/359/245 293/355/275 
f 293/355/275 263/359/245 56/360/38 55/356/37 
f 294/361/276 295/362/277 296/363/278 297/364/279 
f 297/364/279 296/363/278 298/365/280 299/366/281 
f 299/366/281 298/365/280 163/367/145 162/368/144 
f 295/362/277 300/369/282 301/370/283 296/363/278 
f 296/363/278 301/370/283 302/371/284 298/365/280 
f 298/365/280 302/371/284 164/372/146 163/367/145 
f 300/369/282 32/373/14 31/374/13 301/370/283 
f 301/370/283 31/374/13 36/375/18 302/371/284 
f 302/371/284 36/375/18 40/376/22 164/372/146 
f 303/377/285 304/378/286 305/379/287 306/380/288 
f 306/380/288 305/379/287 307/381/289 308/382/290 
f 308/382/290 307/381/289 102/383/84 101/384/83 
f 304/378/286 309/385/291 310/386/292 305/379/287 
f 305/379/287 310/386/292 311/387/293 307/381/289 
f 307/381/289 311/387/293 103/388/85 102/383/84 
f 309/385/291 196/389/178 195/390/177 310/386/292 
f 310/386/292 195/390/177 200/391/182 311/387/293 
f 311/387/293 200/391/182 104/392/86 103/388/85 
f 312/393/294 313/394/295 314/395/296 315/396/297 
f 315/396/297 314/395/296 316/397/298 317/398/299 
f 317/398/299 316/397/298 274/399/256 273/400/255 
f 313/394/295 318/401/300 319/402/301 314/395/296 
f 314/395/296 319/402/301 320/403/302 316/397/298 
f 316/397/298 320/403/302 275/404/257 274/399/256 
f 318/401/300 144/405/126 143/406/125 319/402/301 
f 319/402/301 143/406/125 148/407/130 320/403/302 
f 320/403/302 148/407/130 152/408/134 275/404/257 
f 321/409/303 322/410/304 323/411/304 324/412/303 
f 322/410/304 325/413/305 326/414/305 323/411/304 
f 325/413/305 327/415/306 328/416/306 326/414/305 
f 329/417/307 330/418/308 331/419/308 332/420/307 
f 330/418/308 333/421/309 334/422/309 331/419/308 
f 333/421/309 335/423/310 336/424/310 334/422/309 
f 337/425/311 338/426/312 339/427/312 340/428/311 
f 338/426/312 341/429/313 342/430/313 339/427/312 
f 341/429/313 343/431/314 344/432/314 342/430/313 
f 345/433/315 346/434/316 347/435/316 348/436/315 
f 346/434/316 349/437/317 350/438/317 347/435/316 
f 349/437/317 351/439/318 352/440/318 350/438/317 
f 353/441/319 354/442/320 355/443/320 356/444/319 
f 354/442/320 357/445/321 358/446/321 355/443/320 
f 357/445/321 359/447/322 360/448/322 358/446/321 
f 361/449/323 362/450/324 363/451/324 364/452/323 
f 362/450/324 365/453/325 366/454/325 363/451/324 
f 365/453/325 367/455/326 368/456/326 366/454/325 
f 369/457/327 370/458/328 371/459/328 372/460/327 
f 370/458/328 373/461/329 374/462/329 371/459/328 
f 373/461/329 375/463/330 376/464/330 374/462/329 
f 377/465/331 378/466/332 379/467/332 380/468/331 
f 378/466/332 381/469/333 382/470/333 379/467/332 
f 381/469/333 383/471/334 384/472/334 382/470/333 
f 385/473/335 386/474/336 387/475/336 388/476/335 
f 386/474/336 389/477/337 390/478/337 387/475/336 
f 389/477/337 352/479/318 351/480/318 390/478/337 
f 391/481/338 392/482/339 393/483/339 394/484/338 
f 392/482/339 395/485/340 396/486/340 393/483/339 
f 395/485/340 397/487/341 398/488/341 396/486/340 
f 399/489/342 400/490/343 401/491/343 402/492/342 
f 400/490/343 403/493/344 404/494/344 401/491/343 
f 403/493/344 360/495/322 359/496/322 404/494/344 
f 405/497/345 406/498/346 407/499/346 408/500/345 
f 406/498/346 409/501/347 410/502/347 407/499/346 
f 409/501/347 411/503/348 412/504/348 410/502/347 
f 413/505/349 414/506/350 415/507/350 416/508/349 
f 414/506/350 417/509/351 418/510/351 415/507/350 
f 417/509/351 344/511/314 343/512/314 418/510/351 
f 419/513/352 420/514/353 421/515/353 422/516/352 
f 420/514/353 423/517/354 424/518/354 421/515/353 
f 423/517/354 425/519/355 426/520/355 424/518/354 
f 427/521/356 428/522/357 429/523/357 430/524/356 
f 428/522/357 431/525/358 432/526/358 429/523/357 
f 431/525/358 368/527/326 367/528/326 432/526/358 
f 433/529/359 434/530/360 435/531/360 436/532/359 
f 434/530/360 437/533/361 438/534/361 435/531/360 
f 437/533/361 398/535/341 397/536/341 438/534/361 
f 439/537/362 440/538/363 441/539/363 442/540/362 
f 440/538/363 443/541/364 444/542/364 441/539/363 
f 443/541/364 336/543/310 335/544/310 444/542/364 
f 445/545/365 446/546/366 447/547/366 448/548/365 
f 446/546/366 449/549/367 450/550/367 447/547/366 
f 449/549/367 451/551/368 452/552/368 450/550/367 
f 453/553/369 454/554/370 455/555/370 456/556/369 
f 454/554/370 457/557/371 458/558/371 455/555/370 
f 457/557/371 376/559/330 375/560/330 458/558/371 
f 459/561/372 460/562/373 461/563/373 462/564/372 
f 460/562/373 463/565/374 464/566/374 461/563/373 
f 463/565/374 426/567/355 425/568/355 464/566/374 
f 465/569/375 466/570/376 467/571/376 468/572/375 
f 466/570/376 469/573/377 470/574/377 467/571/376 
f 469/573/377 328/575/306 327/576/306 470/574/377 
f 471/577/378 472/578/379 473/579/379 474/580/378 
f 472/578/379 475/581/380 476/582/380 473/579/379 
f 475/581/380 412/583/348 411/584/348 476/582/380 
f 477/585/381 478/586/382 479/587/382 480/588/381 
f 478/586/382 481/589/383 482/590/383 479/587/382 
f 481/589/383 384/591/334 383/592/334 482/590/383 
f 483/593/384 484/594/385 485/595/385 486/596/384 
f 484/594/385 487/597/386 488/598/386 485/595/385 
f 487/597/386 452/599/368 451/600/368 488/598/386 
f 340/428/311 1/1/1 4/4/1 337/425/311 
f 324/412/303 3/3/1 2/2/1 321/409/303 
f 364/452/323 5/5/2 8/8/2 361/449/323 
f 380/468/331 7/7/2 6/6/2 377/465/331 
f 394/484/338 9/9/3 12/12/3 391/481/338 
f 408/500/345 11/11/3 10/10/3 405/497/345 
f 448/548/365 17/17/5 20/20/5 445/545/365 
f 462/564/372 19/19/5 18/18/5 459/561/372 
f 41/41/23 44/44/26 330/418/308 329/417/307 
f 58/58/40 57/57/39 332/420/307 331/419/308 
f 44/44/26 46/46/28 333/421/309 330/418/308 
f 65/65/47 58/58/40 331/419/308 334/422/309 
f 46/46/28 48/48/30 335/423/310 333/421/309 
f 69/69/51 65/65/47 334/422/309 336/424/310 
f 73/73/55 76/76/58 346/434/316 345/433/315 
f 26/26/8 25/25/7 348/436/315 347/435/316 
f 76/76/58 78/78/60 349/437/317 346/434/316 
f 33/33/15 26/26/8 347/435/316 350/438/317 
f 78/78/60 80/80/62 351/439/318 349/437/317 
f 37/37/19 33/33/15 350/438/317 352/440/318 
f 89/89/71 92/92/74 354/442/320 353/441/319 
f 106/106/88 105/105/87 356/444/319 355/443/320 
f 92/92/74 94/94/76 357/445/321 354/442/320 
f 113/113/95 106/106/88 355/443/320 358/446/321 
f 94/94/76 96/96/78 359/447/322 357/445/321 
f 117/117/99 113/113/95 358/446/321 360/448/322 
f 121/121/103 124/124/106 370/458/328 369/457/327 
f 138/138/120 137/137/119 372/460/327 371/459/328 
f 124/124/106 126/126/108 373/461/329 370/458/328 
f 145/145/127 138/138/120 371/459/328 374/462/329 
f 126/126/108 128/128/110 375/463/330 373/461/329 
f 149/149/131 145/145/127 374/462/329 376/464/330 
f 153/153/135 156/156/138 386/474/336 385/473/335 
f 166/170/148 165/169/147 388/476/335 387/475/336 
f 156/156/138 158/158/140 389/477/337 386/474/336 
f 173/177/155 166/170/148 387/475/336 390/478/337 
f 158/158/140 37/160/19 352/479/318 389/477/337 
f 80/181/62 173/177/155 390/478/337 351/480/318 
f 177/185/159 180/188/162 400/490/343 399/489/342 
f 190/202/172 189/201/171 402/492/342 401/491/343 
f 180/188/162 182/190/164 403/493/344 400/490/343 
f 197/209/179 190/202/172 401/491/343 404/494/344 
f 182/190/164 117/192/99 360/495/322 403/493/344 
f 96/213/78 197/209/179 404/494/344 359/496/322 
f 243/281/225 246/284/228 440/538/363 439/537/362 
f 253/298/235 252/297/234 442/540/362 441/539/363 
f 246/284/228 248/286/230 443/541/364 440/538/363 
f 260/305/242 253/298/235 441/539/363 444/542/364 
f 248/286/230 69/288/51 336/543/310 443/541/364 
f 48/309/30 260/305/242 444/542/364 335/544/310 
f 264/313/246 267/316/249 454/554/370 453/553/369 
f 277/330/259 276/329/258 456/556/369 455/555/370 
f 267/316/249 269/318/251 457/557/371 454/554/370 
f 282/337/264 277/330/259 455/555/370 458/558/371 
f 269/318/251 149/320/131 376/559/330 457/557/371 
f 128/341/110 282/337/264 458/558/371 375/560/330 
f 345/433/315 348/436/315 2/2/1 1/1/1 
f 329/417/307 332/420/307 4/4/1 3/3/1 
f 369/457/327 372/460/327 6/6/2 5/5/2 
f 353/441/319 356/444/319 8/8/2 7/7/2 
f 422/516/352 13/13/4 16/16/4 419/513/352 
f 436/532/359 15/15/4 14/14/4 433/529/359 
f 474/580/378 21/21/6 24/24/6 471/577/378 
f 486/596/384 23/23/6 22/22/6 483/593/384 
f 25/25/7 28/28/10 322/410/304 321/409/303 
f 42/42/24 41/41/23 324/412/303 323/411/304 
f 28/28/10 30/30/12 325/413/305 322/410/304 
f 49/49/31 42/42/24 323/411/304 326/414/305 
f 30/30/12 32/32/14 327/415/306 325/413/305 
f 53/53/35 49/49/31 326/414/305 328/416/306 
f 57/57/39 60/60/42 338/426/312 337/425/311 
f 74/74/56 73/73/55 340/428/311 339/427/312 
f 60/60/42 62/62/44 341/429/313 338/426/312 
f 81/81/63 74/74/56 339/427/312 342/430/313 
f 62/62/44 64/64/46 343/431/314 341/429/313 
f 85/85/67 81/81/63 342/430/313 344/432/314 
f 105/105/87 108/108/90 362/450/324 361/449/323 
f 122/122/104 121/121/103 364/452/323 363/451/324 
f 108/108/90 110/110/92 365/453/325 362/450/324 
f 129/129/111 122/122/104 363/451/324 366/454/325 
f 110/110/92 112/112/94 367/455/326 365/453/325 
f 133/133/115 129/129/111 366/454/325 368/456/326 
f 137/137/119 140/140/122 378/466/332 377/465/331 
f 90/90/72 89/89/71 380/468/331 379/467/332 
f 140/140/122 142/142/124 381/469/333 378/466/332 
f 97/97/79 90/90/72 379/467/332 382/470/333 
f 142/142/124 144/144/126 383/471/334 381/469/333 
f 101/101/83 97/97/79 382/470/333 384/472/334 
f 201/217/183 204/220/186 414/506/350 413/505/349 
f 211/234/193 210/233/192 416/508/349 415/507/350 
f 204/220/186 206/222/188 417/509/351 414/506/350 
f 218/241/200 211/234/193 415/507/350 418/510/351 
f 206/222/188 85/224/67 344/511/314 417/509/351 
f 64/245/46 218/241/200 418/510/351 343/512/314 
f 222/249/204 225/252/207 428/522/357 427/521/356 
f 235/266/217 234/265/216 430/524/356 429/523/357 
f 225/252/207 227/254/209 431/525/358 428/522/357 
f 240/273/222 235/266/217 429/523/357 432/526/358 
f 227/254/209 133/256/115 368/527/326 431/525/358 
f 112/277/94 240/273/222 432/526/358 367/528/326 
f 285/345/267 288/348/270 466/570/376 465/569/375 
f 295/362/277 294/361/276 468/572/375 467/571/376 
f 288/348/270 290/350/272 469/573/377 466/570/376 
f 300/369/282 295/362/277 467/571/376 470/574/377 
f 290/350/272 53/352/35 328/575/306 469/573/377 
f 32/373/14 300/369/282 470/574/377 327/576/306 
f 303/377/285 306/380/288 478/586/382 477/585/381 
f 313/394/295 312/393/294 480/588/381 479/587/382 
f 306/380/288 308/382/290 481/589/383 478/586/382 
f 318/401/300 313/394/295 479/587/382 482/590/383 
f 308/382/290 101/384/83 384/591/334 481/589/383 
f 144/405/126 318/401/300 482/590/383 383/592/334 
f 73/73/55 345/433/315 1/1/1 340/428/311 
f 332/420/307 57/57/39 337/425/311 4/4/1 
f 41/41/23 329/417/307 3/3/1 324/412/303 
f 348/436/315 25/25/7 321/409/303 2/2/1 
f 121/121/103 369/457/327 5/5/2 364/452/323 
f 356/444/319 105/105/87 361/449/323 8/8/2 
f 89/89/71 353/441/319 7/7/2 380/468/331 
f 372/460/327 137/137/119 377/465/331 6/6/2 
f 399/489/342 402/492/342 10/10/3 9/9/3 
f 385/473/335 388/476/335 12/12/3 11/11/3 
f 427/521/356 430/524/356 14/14/4 13/13/4 
f 413/505/349 416/508/349 16/16/4 15/15/4 
f 453/553/369 456/556/369 18/18/5 17/17/5 
f 439/537/362 442/540/362 20/20/5 19/19/5 
f 477/585/381 480/588/381 22/22/6 21/21/6 
f 465/569/375 468/572/375 24/24/6 23/23/6 
f 165/169/147 168/172/150 392/482/339 391/481/338 
f 178/186/160 177/185/159 394/484/338 393/483/339 
f 168/172/150 170/174/152 395/485/340 392/482/339 
f 183/193/165 178/186/160 393/483/339 396/486/340 
f 170/174/152 172/176/154 397/487/341 395/485/340 
f 186/197/168 183/193/165 396/486/340 398/488/341 
f 189/201/171 192/204/174 406/498/346 405/497/345 
f 154/154/136 153/153/135 408/500/345 407/499/346 
f 192/204/174 194/206/176 409/501/347 406/498/346 
f 159/161/141 154/154/136 407/499/346 410/502/347 
f 194/206/176 196/208/178 411/503/348 409/501/347 
f 162/165/144 159/161/141 410/502/347 412/504/348 
f 210/233/192 213/236/195 420/514/353 419/513/352 
f 223/250/205 222/249/204 422/516/352 421/515/353 
f 213/236/195 215/238/197 423/517/354 420/514/353 
f 228/257/210 223/250/205 421/515/353 424/518/354 
f 215/238/197 217/240/199 425/519/355 423/517/354 
f 231/261/213 228/257/210 424/518/354 426/520/355 
f 234/265/216 237/268/219 434/530/360 433/529/359 
f 202/218/184 201/217/183 436/532/359 435/531/360 
f 237/268/219 239/270/221 437/533/361 434/530/360 
f 207/225/189 202/218/184 435/531/360 438/534/361 
f 239/270/221 186/272/168 398/535/341 437/533/361 
f 172/229/154 207/225/189 438/534/361 397/536/341 
f 252/297/234 255/300/237 446/546/366 445/545/365 
f 265/314/247 264/313/246 448/548/365 447/547/366 
f 255/300/237 257/302/239 449/549/367 446/546/366 
f 270/321/252 265/314/247 447/547/366 450/550/367 
f 257/302/239 259/304/241 451/551/368 449/549/367 
f 273/325/255 270/321/252 450/550/367 452/552/368 
f 276/329/258 279/332/261 460/562/373 459/561/372 
f 244/282/226 243/281/225 462/564/372 461/563/373 
f 279/332/261 281/334/263 463/565/374 460/562/373 
f 249/289/231 244/282/226 461/563/373 464/566/374 
f 281/334/263 231/336/213 426/567/355 463/565/374 
f 217/293/199 249/289/231 464/566/374 425/568/355 
f 294/361/276 297/364/279 472/578/379 471/577/378 
f 304/378/286 303/377/285 474/580/378 473/579/379 
f 297/364/279 299/366/281 475/581/380 472/578/379 
f 309/385/291 304/378/286 473/579/379 476/582/380 
f 299/366/281 162/368/144 412/583/348 475/581/380 
f 196/389/178 309/385/291 476/582/380 411/584/348 
f 312/393/294 315/396/297 484/594/385 483/593/384 
f 286/346/268 285/345/267 486/596/384 485/595/385 
f 315/396/297 317/398/299 487/597/386 484/594/385 
f 291/353/273 286/346/268 485/595/385 488/598/386 
f 317/398/299 273/400/255 452/599/368 487/597/386 
f 259/357/241 291/353/273 488/598/386 451/600/368 
f 177/185/159 399/489/342 9/9/3 394/484/338 
f 388/476/335 165/169/147 391/481/338 12/12/3 
f 153/153/135 385/473/335 11/11/3 408/500/345 
f 402/492/342 189/201/171 405/497/345 10/10/3 
f 264/313/246 453/553/369 17/17/5 448/548/365 
f 442/540/362 252/297/234 445/545/365 20/20/5 
f 243/281/225 439/537/362 19/19/5 462/564/372 
f 456/556/369 276/329/258 459/561/372 18/18/5 
f 222/249/204 427/521/356 13/13/4 422/516/352 
f 416/508/349 210/233/192 419/513/352 16/16/4 
f 201/217/183 413/505/349 15/15/4 436/532/359 
f 430/524/356 234/265/216 433/529/359 14/14/4 
f 303/377/285 477/585/381 21/21/6 474/580/378 
f 468/572/375 294/361/276 471/577/378 24/24/6 
f 285/345/267 465/569/375 23/23/6 486/596/384 
f 480/588/381 312/393/294 483/593/384 22/22/6 
# 486 polygons

#
# object Torus001
#

v  4.7285 121.0761 1.4694
v  4.7540 121.2696 0.0000
v  -0.0000 121.5825 0.0000
v  -0.0000 121.3873 1.4694
v  4.6555 120.5215 2.8404
v  -0.0000 120.8279 2.8404
v  9.2317 119.6125 2.8404
v  9.3765 120.1529 1.4694
v  9.4270 120.3414 0.0000
v  4.5384 119.6317 4.0146
v  -0.0000 119.9304 4.0146
v  4.3864 118.4776 4.9198
v  -0.0000 118.7663 4.9198
v  8.6981 117.6212 4.9198
v  8.9994 118.7456 4.0146
v  4.2090 117.1299 5.4840
v  -0.0000 117.4070 5.4840
v  4.0189 115.6855 5.6808
v  -0.0000 115.9501 5.6808
v  7.9692 114.9009 5.6808
v  8.3463 116.3082 5.4840
v  3.8287 114.2412 5.4840
v  -0.0000 114.4932 5.4840
v  3.6513 112.8935 4.9198
v  -0.0000 113.1339 4.9198
v  7.2404 112.1807 4.9198
v  7.5922 113.4937 5.4840
v  3.4993 111.7394 4.0145
v  -0.0000 111.9697 4.0145
v  3.3822 110.8496 2.8404
v  -0.0000 111.0723 2.8404
v  6.7068 110.1893 2.8404
v  6.9391 111.0562 4.0145
v  3.3092 110.2950 1.4694
v  -0.0000 110.5128 1.4694
v  3.2837 110.1015 0.0000
v  -0.0000 110.3176 0.0000
v  6.5115 109.4604 0.0000
v  6.5620 109.6489 1.4694
v  3.3092 110.2950 -1.4694
v  -0.0000 110.5128 -1.4694
v  3.3822 110.8496 -2.8404
v  -0.0000 111.0723 -2.8404
v  6.7068 110.1893 -2.8404
v  6.5620 109.6489 -1.4694
v  3.4993 111.7394 -4.0145
v  -0.0000 111.9697 -4.0145
v  3.6513 112.8935 -4.9197
v  -0.0000 113.1339 -4.9197
v  7.2404 112.1807 -4.9197
v  6.9391 111.0562 -4.0145
v  3.8287 114.2411 -5.4840
v  -0.0000 114.4932 -5.4840
v  4.0189 115.6855 -5.6808
v  -0.0000 115.9501 -5.6808
v  7.9692 114.9009 -5.6808
v  7.5922 113.4937 -5.4840
v  4.2090 117.1299 -5.4840
v  -0.0000 117.4070 -5.4840
v  4.3864 118.4776 -4.9197
v  -0.0000 118.7663 -4.9197
v  8.6981 117.6212 -4.9197
v  8.3463 116.3082 -5.4840
v  4.5384 119.6317 -4.0145
v  -0.0000 119.9304 -4.0145
v  4.6555 120.5215 -2.8404
v  -0.0000 120.8279 -2.8404
v  9.2317 119.6125 -2.8404
v  8.9994 118.7456 -4.0145
v  4.7285 121.0761 -1.4694
v  -0.0000 121.3873 -1.4694
v  9.3765 120.1529 -1.4694
v  13.8634 118.6284 1.4694
v  13.9381 118.8087 0.0000
v  13.6493 118.1116 2.8404
v  17.8343 116.0492 2.8404
v  18.1140 116.5337 1.4694
v  18.2116 116.7028 0.0000
v  13.3058 117.2825 4.0146
v  12.8604 116.2070 4.9198
v  16.8035 114.2638 4.9198
v  17.3856 115.2720 4.0145
v  12.3402 114.9512 5.4840
v  11.7827 113.6052 5.6808
v  15.3954 111.8249 5.6808
v  16.1238 113.0866 5.4840
v  11.2252 112.2593 5.4840
v  10.7050 111.0035 4.9198
v  13.9873 109.3860 4.9198
v  14.6669 110.5632 5.4840
v  10.2595 109.9280 4.0145
v  9.9161 109.0989 2.8404
v  12.9565 107.6006 2.8404
v  13.4052 108.3778 4.0145
v  9.7020 108.5820 1.4694
v  9.6273 108.4017 0.0000
v  12.5792 106.9471 0.0000
v  12.6768 107.1161 1.4694
v  9.7020 108.5820 -1.4694
v  9.9161 109.0989 -2.8404
v  12.9565 107.6006 -2.8404
v  12.6768 107.1161 -1.4694
v  10.2595 109.9280 -4.0145
v  10.7050 111.0035 -4.9197
v  13.9873 109.3860 -4.9197
v  13.4052 108.3778 -4.0145
v  11.2252 112.2593 -5.4840
v  11.7827 113.6052 -5.6808
v  15.3954 111.8249 -5.6808
v  14.6669 110.5632 -5.4840
v  12.3402 114.9512 -5.4840
v  12.8604 116.2070 -4.9197
v  16.8035 114.2638 -4.9197
v  16.1238 113.0866 -5.4840
v  13.3058 117.2825 -4.0145
v  13.6493 118.1116 -2.8404
v  17.8343 116.0492 -2.8404
v  17.3856 115.2720 -4.0145
v  13.8634 118.6284 -1.4694
v  18.1140 116.5337 -1.4694
v  22.0534 113.8999 1.4694
v  22.1722 114.0547 0.0000
v  21.7129 113.4561 2.8404
v  25.2215 110.3808 2.8404
v  25.6171 110.7764 1.4694
v  25.7551 110.9144 0.0000
v  21.1665 112.7441 4.0145
v  20.4579 111.8205 4.9198
v  23.7637 108.9230 4.9198
v  24.5869 109.7462 4.0145
v  19.6304 110.7422 5.4840
v  18.7436 109.5864 5.6808
v  21.7724 106.9317 5.6808
v  22.8026 107.9619 5.4840
v  17.8567 108.4306 5.4840
v  17.0292 107.3522 4.9198
v  19.7810 104.9403 4.9198
v  20.7422 105.9015 5.4840
v  16.3206 106.4287 4.0145
v  15.7742 105.7167 2.8404
v  18.3232 103.4825 2.8404
v  18.9578 104.1171 4.0145
v  15.4337 105.2729 1.4694
v  15.3149 105.1180 0.0000
v  17.7896 102.9489 0.0000
v  17.9277 103.0870 1.4694
v  15.4337 105.2729 -1.4694
v  15.7742 105.7167 -2.8404
v  18.3232 103.4825 -2.8404
v  17.9277 103.0870 -1.4694
v  16.3206 106.4287 -4.0145
v  17.0292 107.3522 -4.9197
v  19.7810 104.9403 -4.9197
v  18.9578 104.1171 -4.0145
v  17.8567 108.4306 -5.4840
v  18.7436 109.5864 -5.6808
v  21.7724 106.9317 -5.6808
v  20.7422 105.9015 -5.4840
v  19.6304 110.7422 -5.4840
v  20.4579 111.8205 -4.9197
v  23.7637 108.9230 -4.9197
v  22.8026 107.9619 -5.4840
v  21.1665 112.7441 -4.0145
v  21.7129 113.4561 -2.8404
v  25.2215 110.3808 -2.8404
v  24.5869 109.7462 -4.0145
v  22.0534 113.8999 -1.4694
v  25.6171 110.7764 -1.4694
v  28.7406 107.2127 1.4694
v  28.8954 107.3315 0.0000
v  28.2968 106.8722 2.8404
v  30.8899 102.9936 2.8404
v  31.3744 103.2733 1.4694
v  31.5434 103.3709 0.0000
v  27.5848 106.3259 4.0145
v  26.6612 105.6172 4.9198
v  29.1045 101.9628 4.9198
v  30.1127 102.5449 4.0145
v  25.5829 104.7897 5.4840
v  24.4271 103.9029 5.6808
v  26.6656 100.5547 5.6808
v  27.9273 101.2831 5.4840
v  23.2713 103.0160 5.4840
v  22.1929 102.1885 4.9198
v  24.2267 99.1466 4.9198
v  25.4039 99.8262 5.4840
v  21.2694 101.4799 4.0145
v  20.5574 100.9335 2.8404
v  22.4413 98.1158 2.8404
v  23.2185 98.5645 4.0145
v  20.1136 100.5930 1.4694
v  19.9587 100.4742 0.0000
v  21.7878 97.7385 0.0000
v  21.9568 97.8361 1.4694
v  20.1136 100.5930 -1.4694
v  20.5574 100.9335 -2.8404
v  22.4413 98.1158 -2.8404
v  21.9568 97.8361 -1.4694
v  21.2694 101.4799 -4.0145
v  22.1929 102.1885 -4.9197
v  24.2267 99.1466 -4.9197
v  23.2185 98.5645 -4.0145
v  23.2713 103.0160 -5.4840
v  24.4271 103.9029 -5.6808
v  26.6656 100.5547 -5.6808
v  25.4039 99.8262 -5.4840
v  25.5829 104.7897 -5.4840
v  26.6612 105.6172 -4.9197
v  29.1045 101.9628 -4.9197
v  27.9273 101.2831 -5.4840
v  27.5848 106.3258 -4.0145
v  28.2968 106.8722 -2.8404
v  30.8899 102.9936 -2.8404
v  30.1127 102.5449 -4.0145
v  28.7406 107.2127 -1.4694
v  31.3744 103.2733 -1.4694
v  33.4691 99.0227 1.4694
v  33.6494 99.0974 0.0000
v  32.9523 98.8086 2.8404
v  34.4533 94.3910 2.8404
v  34.9936 94.5358 1.4694
v  35.1821 94.5863 0.0000
v  32.1232 98.4651 4.0145
v  31.0477 98.0197 4.9198
v  32.4619 93.8574 4.9197
v  33.5863 94.1587 4.0145
v  29.7919 97.4995 5.4840
v  28.4459 96.9420 5.6808
v  29.7416 93.1285 5.6808
v  31.1489 93.5056 5.4840
v  27.1000 96.3845 5.4840
v  25.8442 95.8643 4.9197
v  27.0214 92.3997 4.9197
v  28.3344 92.7515 5.4840
v  24.7687 95.4188 4.0145
v  23.9396 95.0754 2.8404
v  25.0300 91.8661 2.8404
v  25.8969 92.0984 4.0145
v  23.4227 94.8613 1.4694
v  23.2424 94.7866 0.0000
v  24.3011 91.6708 0.0000
v  24.4896 91.7213 1.4694
v  23.4227 94.8613 -1.4694
v  23.9396 95.0754 -2.8404
v  25.0300 91.8661 -2.8404
v  24.4896 91.7213 -1.4694
v  24.7687 95.4188 -4.0145
v  25.8442 95.8643 -4.9197
v  27.0214 92.3997 -4.9197
v  25.8969 92.0984 -4.0145
v  27.1000 96.3845 -5.4840
v  28.4459 96.9420 -5.6808
v  29.7416 93.1285 -5.6808
v  28.3344 92.7515 -5.4840
v  29.7919 97.4995 -5.4840
v  31.0477 98.0197 -4.9197
v  32.4619 93.8574 -4.9197
v  31.1489 93.5056 -5.4840
v  32.1232 98.4651 -4.0145
v  32.9523 98.8086 -2.8404
v  34.4532 94.3910 -2.8404
v  33.5863 94.1587 -4.0145
v  33.4691 99.0227 -1.4694
v  34.9936 94.5358 -1.4694
v  35.9168 89.8878 1.4694
v  36.1103 89.9133 0.0000
v  35.3622 89.8148 2.8404
v  35.8219 83.1154 2.8404
v  36.3837 83.1337 1.4694
v  36.5797 83.1400 -0.0000
v  34.4724 89.6977 4.0145
v  33.3183 89.5457 4.9197
v  33.7514 83.0481 4.9197
v  34.9205 83.0861 4.0145
v  31.9706 89.3683 5.4840
v  30.5262 89.1782 5.6808
v  30.9231 82.9562 5.6808
v  32.3862 83.0038 5.4840
v  29.0819 88.9880 5.4840
v  27.7342 88.8106 4.9197
v  28.0947 82.8643 4.9197
v  29.4599 82.9087 5.4840
v  26.5801 88.6586 4.0145
v  25.6903 88.5415 2.8404
v  26.0243 82.7971 2.8404
v  26.9256 82.8264 4.0145
v  25.1357 88.4685 1.4694
v  24.9422 88.4430 0.0000
v  25.2664 82.7725 0.0000
v  25.4625 82.7788 1.4694
v  25.1357 88.4685 -1.4694
v  25.6903 88.5415 -2.8404
v  26.0243 82.7971 -2.8404
v  25.4625 82.7788 -1.4694
v  26.5801 88.6586 -4.0145
v  27.7342 88.8106 -4.9197
v  28.0947 82.8643 -4.9197
v  26.9256 82.8264 -4.0145
v  29.0819 88.9880 -5.4840
v  30.5262 89.1782 -5.6808
v  30.9231 82.9562 -5.6808
v  29.4599 82.9087 -5.4840
v  31.9706 89.3683 -5.4840
v  33.3183 89.5457 -4.9197
v  33.7514 83.0481 -4.9197
v  32.3862 83.0038 -5.4840
v  34.4724 89.6977 -4.0145
v  35.3622 89.8148 -2.8404
v  35.8219 83.1154 -2.8404
v  34.9205 83.0861 -4.0145
v  35.9168 89.8878 -1.4694
v  36.3837 83.1337 -1.4694
v  -35.9168 89.8878 1.4694
v  -36.1103 89.9133 0.0000
v  -36.5797 83.1400 -0.0000
v  -36.3837 83.1337 1.4694
v  -35.3622 89.8148 2.8404
v  -35.8219 83.1154 2.8404
v  -34.4533 94.3910 2.8404
v  -34.9936 94.5358 1.4694
v  -35.1821 94.5863 0.0000
v  -34.4724 89.6977 4.0145
v  -34.9205 83.0861 4.0145
v  -33.3183 89.5457 4.9197
v  -33.7514 83.0481 4.9197
v  -32.4619 93.8574 4.9197
v  -33.5863 94.1587 4.0145
v  -31.9706 89.3683 5.4840
v  -32.3862 83.0038 5.4840
v  -30.5262 89.1781 5.6808
v  -30.9231 82.9562 5.6808
v  -29.7416 93.1285 5.6808
v  -31.1489 93.5056 5.4840
v  -29.0819 88.9880 5.4840
v  -29.4599 82.9087 5.4840
v  -27.7342 88.8106 4.9197
v  -28.0947 82.8643 4.9197
v  -27.0214 92.3996 4.9197
v  -28.3344 92.7515 5.4840
v  -26.5801 88.6586 4.0145
v  -26.9256 82.8264 4.0145
v  -25.6903 88.5415 2.8404
v  -26.0243 82.7971 2.8404
v  -25.0300 91.8661 2.8404
v  -25.8969 92.0983 4.0145
v  -25.1357 88.4685 1.4694
v  -25.4625 82.7788 1.4694
v  -24.9422 88.4430 0.0000
v  -25.2664 82.7724 0.0000
v  -24.3011 91.6708 0.0000
v  -24.4896 91.7213 1.4694
v  -25.1357 88.4685 -1.4694
v  -25.4625 82.7788 -1.4694
v  -25.6903 88.5415 -2.8404
v  -26.0243 82.7971 -2.8404
v  -25.0300 91.8661 -2.8404
v  -24.4896 91.7213 -1.4694
v  -26.5801 88.6586 -4.0145
v  -26.9256 82.8264 -4.0145
v  -27.7342 88.8106 -4.9197
v  -28.0947 82.8643 -4.9197
v  -27.0214 92.3996 -4.9197
v  -25.8969 92.0983 -4.0145
v  -29.0819 88.9880 -5.4840
v  -29.4599 82.9087 -5.4840
v  -30.5262 89.1781 -5.6808
v  -30.9231 82.9562 -5.6808
v  -29.7416 93.1285 -5.6808
v  -28.3344 92.7515 -5.4840
v  -31.9706 89.3683 -5.4840
v  -32.3862 83.0038 -5.4840
v  -33.3183 89.5457 -4.9197
v  -33.7514 83.0481 -4.9197
v  -32.4619 93.8574 -4.9197
v  -31.1489 93.5056 -5.4840
v  -34.4724 89.6977 -4.0145
v  -34.9205 83.0861 -4.0145
v  -35.3622 89.8148 -2.8404
v  -35.8219 83.1154 -2.8404
v  -34.4533 94.3910 -2.8404
v  -33.5863 94.1587 -4.0145
v  -35.9168 89.8878 -1.4694
v  -36.3837 83.1337 -1.4694
v  -34.9936 94.5358 -1.4694
v  -33.4691 99.0226 1.4694
v  -33.6494 99.0973 0.0000
v  -32.9523 98.8086 2.8404
v  -30.8899 102.9936 2.8404
v  -31.3744 103.2733 1.4694
v  -31.5435 103.3709 0.0000
v  -32.1232 98.4651 4.0145
v  -31.0477 98.0197 4.9198
v  -29.1045 101.9628 4.9198
v  -30.1127 102.5449 4.0145
v  -29.7919 97.4995 5.4840
v  -28.4459 96.9420 5.6808
v  -26.6656 100.5547 5.6808
v  -27.9273 101.2831 5.4840
v  -27.1000 96.3845 5.4840
v  -25.8442 95.8643 4.9197
v  -24.2267 99.1466 4.9198
v  -25.4039 99.8262 5.4840
v  -24.7687 95.4188 4.0145
v  -23.9396 95.0754 2.8404
v  -22.4413 98.1158 2.8404
v  -23.2185 98.5645 4.0145
v  -23.4228 94.8613 1.4694
v  -23.2424 94.7866 0.0000
v  -21.7878 97.7385 0.0000
v  -21.9568 97.8361 1.4694
v  -23.4228 94.8613 -1.4694
v  -23.9396 95.0754 -2.8404
v  -22.4413 98.1158 -2.8404
v  -21.9568 97.8361 -1.4694
v  -24.7687 95.4188 -4.0145
v  -25.8442 95.8643 -4.9197
v  -24.2267 99.1466 -4.9197
v  -23.2185 98.5645 -4.0145
v  -27.1000 96.3845 -5.4840
v  -28.4459 96.9420 -5.6808
v  -26.6656 100.5547 -5.6808
v  -25.4039 99.8262 -5.4840
v  -29.7919 97.4995 -5.4840
v  -31.0477 98.0197 -4.9197
v  -29.1045 101.9628 -4.9197
v  -27.9273 101.2831 -5.4840
v  -32.1232 98.4651 -4.0145
v  -32.9523 98.8086 -2.8404
v  -30.8899 102.9936 -2.8404
v  -30.1127 102.5449 -4.0145
v  -33.4691 99.0226 -1.4694
v  -31.3744 103.2733 -1.4694
v  -28.7406 107.2127 1.4694
v  -28.8954 107.3315 0.0000
v  -28.2968 106.8722 2.8404
v  -25.2215 110.3808 2.8404
v  -25.6171 110.7764 1.4694
v  -25.7551 110.9144 0.0000
v  -27.5848 106.3258 4.0145
v  -26.6613 105.6172 4.9198
v  -23.7638 108.9230 4.9198
v  -24.5869 109.7462 4.0145
v  -25.5829 104.7897 5.4840
v  -24.4271 103.9028 5.6808
v  -21.7724 106.9317 5.6808
v  -22.8026 107.9619 5.4840
v  -23.2713 103.0160 5.4840
v  -22.1929 102.1885 4.9198
v  -19.7810 104.9403 4.9198
v  -20.7422 105.9015 5.4840
v  -21.2694 101.4799 4.0145
v  -20.5574 100.9335 2.8404
v  -18.3232 103.4825 2.8404
v  -18.9579 104.1171 4.0145
v  -20.1136 100.5930 1.4694
v  -19.9587 100.4742 0.0000
v  -17.7896 102.9489 0.0000
v  -17.9277 103.0869 1.4694
v  -20.1136 100.5930 -1.4694
v  -20.5574 100.9335 -2.8404
v  -18.3232 103.4825 -2.8404
v  -17.9277 103.0869 -1.4694
v  -21.2694 101.4799 -4.0145
v  -22.1929 102.1885 -4.9197
v  -19.7810 104.9403 -4.9197
v  -18.9579 104.1171 -4.0145
v  -23.2713 103.0160 -5.4840
v  -24.4271 103.9028 -5.6808
v  -21.7724 106.9317 -5.6808
v  -20.7422 105.9015 -5.4840
v  -25.5829 104.7897 -5.4840
v  -26.6613 105.6172 -4.9197
v  -23.7638 108.9230 -4.9197
v  -22.8026 107.9619 -5.4840
v  -27.5848 106.3258 -4.0145
v  -28.2968 106.8722 -2.8404
v  -25.2215 110.3808 -2.8404
v  -24.5869 109.7462 -4.0145
v  -28.7406 107.2127 -1.4694
v  -25.6171 110.7764 -1.4694
v  -22.0534 113.8999 1.4694
v  -22.1723 114.0547 0.0000
v  -21.7129 113.4561 2.8404
v  -17.8343 116.0492 2.8404
v  -18.1140 116.5337 1.4694
v  -18.2116 116.7027 0.0000
v  -21.1666 112.7441 4.0145
v  -20.4579 111.8205 4.9198
v  -16.8035 114.2638 4.9198
v  -17.3856 115.2720 4.0145
v  -19.6304 110.7422 5.4840
v  -18.7436 109.5864 5.6808
v  -15.3954 111.8249 5.6808
v  -16.1239 113.0866 5.4840
v  -17.8567 108.4306 5.4840
v  -17.0292 107.3522 4.9198
v  -13.9873 109.3860 4.9198
v  -14.6670 110.5632 5.4840
v  -16.3206 106.4287 4.0145
v  -15.7742 105.7167 2.8404
v  -12.9565 107.6006 2.8404
v  -13.4052 108.3778 4.0145
v  -15.4337 105.2729 1.4694
v  -15.3149 105.1180 0.0000
v  -12.5792 106.9471 0.0000
v  -12.6768 107.1161 1.4694
v  -15.4337 105.2729 -1.4694
v  -15.7742 105.7167 -2.8404
v  -12.9565 107.6006 -2.8404
v  -12.6768 107.1161 -1.4694
v  -16.3206 106.4287 -4.0145
v  -17.0292 107.3522 -4.9197
v  -13.9873 109.3860 -4.9197
v  -13.4052 108.3778 -4.0145
v  -17.8567 108.4306 -5.4840
v  -18.7436 109.5864 -5.6808
v  -15.3954 111.8249 -5.6808
v  -14.6669 110.5632 -5.4840
v  -19.6304 110.7422 -5.4840
v  -20.4579 111.8205 -4.9197
v  -16.8035 114.2638 -4.9197
v  -16.1239 113.0866 -5.4840
v  -21.1666 112.7441 -4.0145
v  -21.7129 113.4561 -2.8404
v  -17.8343 116.0492 -2.8404
v  -17.3856 115.2720 -4.0145
v  -22.0534 113.8999 -1.4694
v  -18.1140 116.5337 -1.4694
v  -13.8634 118.6284 1.4694
v  -13.9381 118.8087 0.0000
v  -13.6493 118.1116 2.8404
v  -9.2317 119.6125 2.8404
v  -9.3765 120.1529 1.4694
v  -9.4270 120.3414 0.0000
v  -13.3059 117.2825 4.0146
v  -12.8604 116.2070 4.9198
v  -8.6981 117.6212 4.9198
v  -8.9994 118.7456 4.0146
v  -12.3402 114.9512 5.4840
v  -11.7827 113.6052 5.6808
v  -7.9693 114.9009 5.6808
v  -8.3463 116.3082 5.4840
v  -11.2252 112.2593 5.4840
v  -10.7050 111.0035 4.9198
v  -7.2404 112.1807 4.9198
v  -7.5922 113.4937 5.4840
v  -10.2595 109.9280 4.0145
v  -9.9161 109.0989 2.8404
v  -6.7068 110.1893 2.8404
v  -6.9391 111.0562 4.0145
v  -9.7020 108.5820 1.4694
v  -9.6273 108.4017 0.0000
v  -6.5115 109.4604 0.0000
v  -6.5620 109.6489 1.4694
v  -9.7020 108.5820 -1.4694
v  -9.9161 109.0989 -2.8404
v  -6.7068 110.1893 -2.8404
v  -6.5620 109.6489 -1.4694
v  -10.2595 109.9280 -4.0145
v  -10.7050 111.0035 -4.9197
v  -7.2404 112.1807 -4.9197
v  -6.9391 111.0562 -4.0145
v  -11.2252 112.2593 -5.4840
v  -11.7827 113.6052 -5.6808
v  -7.9693 114.9009 -5.6808
v  -7.5922 113.4937 -5.4840
v  -12.3402 114.9512 -5.4840
v  -12.8604 116.2070 -4.9197
v  -8.6981 117.6212 -4.9197
v  -8.3463 116.3082 -5.4840
v  -13.3059 117.2825 -4.0145
v  -13.6493 118.1116 -2.8404
v  -9.2317 119.6125 -2.8404
v  -8.9994 118.7456 -4.0145
v  -13.8634 118.6284 -1.4694
v  -9.3765 120.1529 -1.4694
v  -4.7285 121.0761 1.4694
v  -4.7540 121.2696 0.0000
v  -4.6555 120.5215 2.8404
v  -4.5384 119.6317 4.0146
v  -4.3864 118.4776 4.9198
v  -4.2090 117.1299 5.4840
v  -4.0189 115.6855 5.6808
v  -3.8287 114.2411 5.4840
v  -3.6513 112.8935 4.9198
v  -3.4993 111.7394 4.0145
v  -3.3822 110.8496 2.8404
v  -3.3092 110.2950 1.4694
v  -3.2837 110.1015 0.0000
v  -3.3092 110.2950 -1.4694
v  -3.3822 110.8496 -2.8404
v  -3.4993 111.7394 -4.0145
v  -3.6513 112.8935 -4.9197
v  -3.8287 114.2411 -5.4840
v  -4.0189 115.6855 -5.6808
v  -4.2090 117.1299 -5.4840
v  -4.3864 118.4776 -4.9197
v  -4.5384 119.6317 -4.0145
v  -4.6555 120.5215 -2.8404
v  -4.7285 121.0761 -1.4694
v  36.5393 72.3282 1.4694
v  36.7362 72.3282 -0.0000
v  35.9751 72.3282 2.8404
v  35.9751 59.4971 2.8404
v  36.5393 59.4971 1.4694
v  36.7362 59.4971 -0.0000
v  35.0699 72.3282 4.0145
v  33.8958 72.3282 4.9197
v  33.8958 59.4971 4.9197
v  35.0699 59.4971 4.0145
v  32.5248 72.3282 5.4840
v  31.0553 72.3282 5.6808
v  31.0553 59.4971 5.6808
v  32.5248 59.4971 5.4840
v  29.5859 72.3282 5.4840
v  28.2149 72.3282 4.9197
v  28.2149 59.4971 4.9197
v  29.5859 59.4971 5.4840
v  27.0408 72.3282 4.0145
v  26.1356 72.3282 2.8404
v  26.1356 59.4971 2.8404
v  27.0408 59.4971 4.0145
v  25.5714 72.3282 1.4694
v  25.3745 72.3282 0.0000
v  25.3745 59.4971 -0.0000
v  25.5714 59.4971 1.4694
v  25.5714 72.3282 -1.4694
v  26.1356 72.3282 -2.8404
v  26.1356 59.4971 -2.8404
v  25.5714 59.4971 -1.4694
v  27.0408 72.3282 -4.0145
v  28.2149 72.3282 -4.9197
v  28.2149 59.4971 -4.9197
v  27.0408 59.4971 -4.0145
v  29.5859 72.3282 -5.4840
v  31.0553 72.3282 -5.6808
v  31.0553 59.4971 -5.6808
v  29.5859 59.4971 -5.4840
v  32.5248 72.3282 -5.4840
v  33.8958 72.3282 -4.9198
v  33.8958 59.4971 -4.9198
v  32.5248 59.4971 -5.4840
v  35.0699 72.3282 -4.0145
v  35.9751 72.3282 -2.8404
v  35.9751 59.4971 -2.8404
v  35.0699 59.4971 -4.0145
v  36.5393 72.3282 -1.4694
v  36.5393 59.4971 -1.4694
v  -36.5393 72.3282 1.4694
v  -35.9751 72.3282 2.8404
v  -36.7362 72.3282 -0.0000
v  -36.7362 59.4971 -0.0000
v  -36.5393 59.4971 1.4694
v  -35.9751 59.4971 2.8404
v  -35.0699 72.3282 4.0145
v  -33.8958 72.3282 4.9197
v  -35.0699 59.4971 4.0145
v  -33.8958 59.4971 4.9197
v  -32.5248 72.3282 5.4840
v  -31.0553 72.3282 5.6808
v  -32.5248 59.4971 5.4840
v  -31.0553 59.4971 5.6808
v  -29.5859 72.3282 5.4840
v  -28.2149 72.3282 4.9197
v  -29.5859 59.4971 5.4840
v  -28.2149 59.4971 4.9197
v  -27.0408 72.3282 4.0145
v  -26.1356 72.3282 2.8404
v  -27.0408 59.4971 4.0145
v  -26.1356 59.4971 2.8404
v  -25.5714 72.3282 1.4694
v  -25.3745 72.3282 0.0000
v  -25.5714 59.4971 1.4694
v  -25.3745 59.4971 -0.0000
v  -25.5714 72.3282 -1.4694
v  -26.1356 72.3282 -2.8404
v  -25.5714 59.4971 -1.4694
v  -26.1356 59.4971 -2.8404
v  -27.0408 72.3282 -4.0145
v  -28.2149 72.3282 -4.9197
v  -27.0408 59.4971 -4.0145
v  -28.2149 59.4971 -4.9197
v  -29.5859 72.3282 -5.4840
v  -31.0553 72.3282 -5.6808
v  -29.5859 59.4971 -5.4840
v  -31.0553 59.4971 -5.6808
v  -32.5248 72.3282 -5.4840
v  -33.8958 72.3282 -4.9198
v  -32.5248 59.4971 -5.4840
v  -33.8958 59.4971 -4.9198
v  -35.0699 72.3282 -4.0145
v  -35.9751 72.3282 -2.8404
v  -35.0699 59.4971 -4.0145
v  -35.9751 59.4971 -2.8404
v  -36.5393 72.3282 -1.4694
v  -36.5393 59.4971 -1.4694
# 696 vertices

vn 0.1262 0.9585 0.2555
vn 0.1305 0.9914 0.0000
vn -0.0000 1.0000 0.0000
vn -0.0000 0.9668 0.2555
vn 0.1134 0.8617 0.4945
vn -0.0000 0.8692 0.4945
vn 0.2250 0.8395 0.4945
vn 0.2502 0.9339 0.2555
vn 0.2588 0.9659 0.0000
vn 0.0930 0.7066 0.7015
vn -0.0000 0.7127 0.7015
vn 0.0662 0.5029 0.8618
vn 0.0000 0.5072 0.8618
vn 0.1313 0.4900 0.8618
vn 0.1845 0.6884 0.7015
vn 0.0347 0.2635 0.9640
vn 0.0000 0.2658 0.9640
vn 0.0007 0.0055 1.0000
vn -0.0000 0.0056 1.0000
vn 0.0015 0.0054 1.0000
vn 0.0688 0.2568 0.9640
vn -0.0334 -0.2536 0.9667
vn 0.0000 -0.2558 0.9667
vn -0.0651 -0.4947 0.8666
vn 0.0000 -0.4989 0.8667
vn -0.1291 -0.4819 0.8667
vn -0.0662 -0.2471 0.9667
vn -0.0923 -0.7013 0.7068
vn 0.0000 -0.7073 0.7069
vn -0.1131 -0.8590 0.4993
vn 0.0000 -0.8664 0.4993
vn -0.2242 -0.8369 0.4993
vn -0.1831 -0.6832 0.7069
vn -0.1261 -0.9578 0.2581
vn 0.0000 -0.9661 0.2582
vn -0.1305 -0.9914 -0.0000
vn -0.0000 -1.0000 -0.0000
vn -0.2588 -0.9659 0.0000
vn -0.2500 -0.9332 0.2582
vn -0.1261 -0.9578 -0.2581
vn 0.0000 -0.9661 -0.2582
vn -0.1131 -0.8590 -0.4993
vn 0.0000 -0.8664 -0.4993
vn -0.2242 -0.8369 -0.4993
vn -0.2500 -0.9332 -0.2582
vn -0.0923 -0.7013 -0.7068
vn 0.0000 -0.7073 -0.7069
vn -0.0651 -0.4947 -0.8666
vn 0.0000 -0.4989 -0.8667
vn -0.1291 -0.4819 -0.8667
vn -0.1831 -0.6832 -0.7069
vn -0.0334 -0.2536 -0.9667
vn 0.0000 -0.2558 -0.9667
vn 0.0007 0.0055 -1.0000
vn -0.0000 0.0056 -1.0000
vn 0.0015 0.0054 -1.0000
vn -0.0662 -0.2471 -0.9667
vn 0.0347 0.2635 -0.9640
vn -0.0000 0.2658 -0.9640
vn 0.0662 0.5029 -0.8618
vn 0.0000 0.5072 -0.8618
vn 0.1313 0.4900 -0.8618
vn 0.0688 0.2568 -0.9640
vn 0.0930 0.7066 -0.7015
vn 0.0000 0.7127 -0.7015
vn 0.1134 0.8617 -0.4945
vn -0.0000 0.8692 -0.4945
vn 0.2250 0.8395 -0.4945
vn 0.1845 0.6884 -0.7015
vn 0.1262 0.9585 -0.2555
vn -0.0000 0.9668 -0.2555
vn 0.2502 0.9339 -0.2555
vn 0.3700 0.8932 0.2555
vn 0.3827 0.9239 0.0000
vn 0.3326 0.8030 0.4945
vn 0.4346 0.7527 0.4945
vn 0.4834 0.8373 0.2555
vn 0.5000 0.8660 -0.0000
vn 0.2727 0.6584 0.7015
vn 0.1941 0.4686 0.8618
vn 0.2536 0.4393 0.8618
vn 0.3563 0.6172 0.7015
vn 0.1017 0.2456 0.9640
vn 0.0021 0.0051 1.0000
vn 0.0028 0.0049 1.0000
vn 0.1329 0.2302 0.9640
vn -0.0979 -0.2363 0.9667
vn -0.1909 -0.4610 0.8666
vn -0.2495 -0.4321 0.8667
vn -0.1279 -0.2215 0.9667
vn -0.2707 -0.6535 0.7068
vn -0.3316 -0.8005 0.4993
vn -0.4332 -0.7503 0.4993
vn -0.3537 -0.6126 0.7069
vn -0.3697 -0.8926 0.2581
vn -0.3827 -0.9239 0.0000
vn -0.5000 -0.8660 0.0000
vn -0.4831 -0.8367 0.2582
vn -0.3697 -0.8926 -0.2581
vn -0.3316 -0.8005 -0.4993
vn -0.4332 -0.7503 -0.4993
vn -0.4831 -0.8367 -0.2582
vn -0.2707 -0.6535 -0.7068
vn -0.1909 -0.4610 -0.8666
vn -0.2495 -0.4321 -0.8667
vn -0.3537 -0.6126 -0.7069
vn -0.0979 -0.2363 -0.9667
vn 0.0021 0.0051 -1.0000
vn 0.0028 0.0049 -1.0000
vn -0.1279 -0.2215 -0.9667
vn 0.1017 0.2456 -0.9640
vn 0.1941 0.4686 -0.8618
vn 0.2536 0.4393 -0.8618
vn 0.1329 0.2302 -0.9640
vn 0.2727 0.6584 -0.7015
vn 0.3326 0.8030 -0.4945
vn 0.4346 0.7527 -0.4945
vn 0.3563 0.6172 -0.7015
vn 0.3700 0.8932 -0.2555
vn 0.4834 0.8373 -0.2555
vn 0.5886 0.7670 0.2555
vn 0.6088 0.7934 -0.0000
vn 0.5291 0.6895 0.4945
vn 0.6146 0.6146 0.4945
vn 0.6836 0.6836 0.2555
vn 0.7071 0.7071 -0.0000
vn 0.4338 0.5654 0.7015
vn 0.3088 0.4024 0.8618
vn 0.3587 0.3587 0.8618
vn 0.5039 0.5039 0.7015
vn 0.1618 0.2109 0.9640
vn 0.0034 0.0044 1.0000
vn 0.0040 0.0040 1.0000
vn 0.1880 0.1880 0.9640
vn -0.1557 -0.2030 0.9667
vn -0.3037 -0.3958 0.8666
vn -0.3528 -0.3528 0.8667
vn -0.1809 -0.1809 0.9667
vn -0.4306 -0.5612 0.7068
vn -0.5275 -0.6874 0.4993
vn -0.6127 -0.6127 0.4993
vn -0.5002 -0.5002 0.7069
vn -0.5881 -0.7665 0.2581
vn -0.6088 -0.7934 0.0000
vn -0.7071 -0.7071 -0.0000
vn -0.6831 -0.6831 0.2582
vn -0.5881 -0.7665 -0.2581
vn -0.5275 -0.6874 -0.4993
vn -0.6127 -0.6127 -0.4993
vn -0.6831 -0.6831 -0.2582
vn -0.4306 -0.5612 -0.7068
vn -0.3037 -0.3958 -0.8666
vn -0.3528 -0.3528 -0.8667
vn -0.5002 -0.5002 -0.7069
vn -0.1557 -0.2030 -0.9667
vn 0.0034 0.0044 -1.0000
vn 0.0040 0.0040 -1.0000
vn -0.1809 -0.1809 -0.9667
vn 0.1618 0.2109 -0.9640
vn 0.3088 0.4024 -0.8618
vn 0.3587 0.3587 -0.8618
vn 0.1880 0.1880 -0.9640
vn 0.4338 0.5654 -0.7015
vn 0.5291 0.6895 -0.4945
vn 0.6146 0.6146 -0.4945
vn 0.5039 0.5039 -0.7015
vn 0.5886 0.7670 -0.2555
vn 0.6836 0.6836 -0.2555
vn 0.7670 0.5886 0.2555
vn 0.7934 0.6088 -0.0000
vn 0.6895 0.5291 0.4945
vn 0.7527 0.4346 0.4945
vn 0.8373 0.4834 0.2555
vn 0.8660 0.5000 -0.0000
vn 0.5654 0.4338 0.7015
vn 0.4024 0.3088 0.8618
vn 0.4393 0.2536 0.8618
vn 0.6172 0.3563 0.7015
vn 0.2109 0.1618 0.9640
vn 0.0044 0.0034 1.0000
vn 0.0049 0.0028 1.0000
vn 0.2302 0.1329 0.9640
vn -0.2030 -0.1557 0.9667
vn -0.3958 -0.3037 0.8666
vn -0.4321 -0.2495 0.8667
vn -0.2215 -0.1279 0.9667
vn -0.5612 -0.4306 0.7068
vn -0.6874 -0.5275 0.4993
vn -0.7503 -0.4332 0.4993
vn -0.6126 -0.3537 0.7069
vn -0.7665 -0.5881 0.2581
vn -0.7934 -0.6088 -0.0000
vn -0.8660 -0.5000 -0.0000
vn -0.8367 -0.4831 0.2582
vn -0.7665 -0.5881 -0.2581
vn -0.6874 -0.5275 -0.4993
vn -0.7503 -0.4332 -0.4993
vn -0.8367 -0.4831 -0.2582
vn -0.5612 -0.4306 -0.7068
vn -0.3958 -0.3037 -0.8666
vn -0.4321 -0.2495 -0.8667
vn -0.6126 -0.3537 -0.7069
vn -0.2030 -0.1557 -0.9667
vn 0.0044 0.0034 -1.0000
vn 0.0049 0.0028 -1.0000
vn -0.2215 -0.1279 -0.9667
vn 0.2109 0.1618 -0.9640
vn 0.4024 0.3088 -0.8618
vn 0.4393 0.2536 -0.8618
vn 0.2302 0.1329 -0.9640
vn 0.5654 0.4338 -0.7015
vn 0.6895 0.5291 -0.4945
vn 0.7527 0.4346 -0.4945
vn 0.6172 0.3563 -0.7015
vn 0.7670 0.5886 -0.2555
vn 0.8373 0.4834 -0.2555
vn 0.8932 0.3700 0.2555
vn 0.9239 0.3827 -0.0000
vn 0.8030 0.3326 0.4945
vn 0.8395 0.2250 0.4945
vn 0.9339 0.2502 0.2555
vn 0.9659 0.2588 -0.0000
vn 0.6584 0.2727 0.7015
vn 0.4686 0.1941 0.8618
vn 0.4900 0.1313 0.8618
vn 0.6884 0.1845 0.7015
vn 0.2456 0.1017 0.9640
vn 0.0051 0.0021 1.0000
vn 0.0054 0.0015 1.0000
vn 0.2568 0.0688 0.9640
vn -0.2363 -0.0979 0.9667
vn -0.4610 -0.1909 0.8666
vn -0.4819 -0.1291 0.8667
vn -0.2471 -0.0662 0.9667
vn -0.6535 -0.2707 0.7068
vn -0.8005 -0.3316 0.4993
vn -0.8369 -0.2242 0.4993
vn -0.6832 -0.1831 0.7069
vn -0.8926 -0.3697 0.2581
vn -0.9239 -0.3827 -0.0000
vn -0.9659 -0.2588 0.0000
vn -0.9332 -0.2500 0.2582
vn -0.8926 -0.3697 -0.2581
vn -0.8005 -0.3316 -0.4993
vn -0.8369 -0.2242 -0.4993
vn -0.9332 -0.2500 -0.2582
vn -0.6535 -0.2707 -0.7068
vn -0.4610 -0.1909 -0.8666
vn -0.4819 -0.1291 -0.8667
vn -0.6832 -0.1831 -0.7069
vn -0.2364 -0.0979 -0.9667
vn 0.0051 0.0021 -1.0000
vn 0.0054 0.0015 -1.0000
vn -0.2471 -0.0662 -0.9667
vn 0.2456 0.1017 -0.9640
vn 0.4686 0.1941 -0.8618
vn 0.4900 0.1313 -0.8618
vn 0.2568 0.0688 -0.9640
vn 0.6584 0.2727 -0.7015
vn 0.8030 0.3326 -0.4945
vn 0.8395 0.2250 -0.4945
vn 0.6884 0.1845 -0.7015
vn 0.8932 0.3700 -0.2555
vn 0.9339 0.2502 -0.2555
vn 0.9583 0.1278 0.2555
vn 0.9912 0.1322 0.0000
vn 0.8615 0.1146 0.4946
vn 0.8666 0.0359 0.4976
vn 0.9655 0.0403 0.2574
vn 0.9991 0.0418 0.0000
vn 0.7064 0.0937 0.7016
vn 0.5028 0.0664 0.8618
vn 0.5026 0.0201 0.8643
vn 0.7089 0.0289 0.7047
vn 0.2636 0.0346 0.9640
vn 0.0056 0.0007 1.0000
vn 0.0022 0.0001 1.0000
vn 0.2615 0.0102 0.9652
vn -0.2536 -0.0329 0.9668
vn -0.4947 -0.0638 0.8667
vn -0.4995 -0.0180 0.8661
vn -0.2576 -0.0095 0.9662
vn -0.7015 -0.0900 0.7070
vn -0.8594 -0.1098 0.4994
vn -0.8658 -0.0298 0.4995
vn -0.7070 -0.0248 0.7068
vn -0.9583 -0.1221 0.2582
vn -0.9920 -0.1262 0.0000
vn -0.9994 -0.0337 -0.0000
vn -0.9655 -0.0327 0.2584
vn -0.9583 -0.1221 -0.2582
vn -0.8594 -0.1098 -0.4994
vn -0.8658 -0.0298 -0.4995
vn -0.9655 -0.0327 -0.2584
vn -0.7015 -0.0900 -0.7070
vn -0.4947 -0.0638 -0.8667
vn -0.4995 -0.0180 -0.8661
vn -0.7070 -0.0248 -0.7068
vn -0.2536 -0.0329 -0.9668
vn 0.0056 0.0007 -1.0000
vn 0.0022 0.0001 -1.0000
vn -0.2576 -0.0095 -0.9662
vn 0.2636 0.0346 -0.9640
vn 0.5028 0.0664 -0.8618
vn 0.5026 0.0201 -0.8643
vn 0.2615 0.0102 -0.9652
vn 0.7064 0.0937 -0.7016
vn 0.8615 0.1146 -0.4946
vn 0.8666 0.0359 -0.4976
vn 0.7089 0.0289 -0.7047
vn 0.9583 0.1278 -0.2556
vn 0.9655 0.0403 -0.2574
vn -0.9583 0.1278 0.2556
vn -0.9912 0.1322 0.0000
vn -0.9991 0.0418 0.0000
vn -0.9655 0.0403 0.2574
vn -0.8615 0.1146 0.4946
vn -0.8666 0.0359 0.4976
vn -0.8395 0.2250 0.4945
vn -0.9339 0.2502 0.2555
vn -0.9659 0.2588 -0.0000
vn -0.7064 0.0937 0.7016
vn -0.7089 0.0289 0.7047
vn -0.5028 0.0664 0.8618
vn -0.5026 0.0201 0.8643
vn -0.4900 0.1313 0.8618
vn -0.6884 0.1845 0.7015
vn -0.2636 0.0346 0.9640
vn -0.2615 0.0102 0.9652
vn -0.0056 0.0007 1.0000
vn -0.0022 0.0001 1.0000
vn -0.0054 0.0015 1.0000
vn -0.2568 0.0688 0.9640
vn 0.2536 -0.0329 0.9668
vn 0.2576 -0.0095 0.9662
vn 0.4947 -0.0638 0.8667
vn 0.4995 -0.0180 0.8661
vn 0.4819 -0.1291 0.8667
vn 0.2471 -0.0662 0.9667
vn 0.7015 -0.0900 0.7070
vn 0.7070 -0.0248 0.7068
vn 0.8594 -0.1098 0.4994
vn 0.8658 -0.0298 0.4995
vn 0.8369 -0.2242 0.4993
vn 0.6832 -0.1831 0.7069
vn 0.9583 -0.1221 0.2582
vn 0.9655 -0.0327 0.2584
vn 0.9920 -0.1262 0.0000
vn 0.9994 -0.0337 -0.0000
vn 0.9659 -0.2588 0.0000
vn 0.9332 -0.2500 0.2582
vn 0.9583 -0.1221 -0.2582
vn 0.9655 -0.0327 -0.2584
vn 0.8594 -0.1098 -0.4994
vn 0.8658 -0.0298 -0.4995
vn 0.8369 -0.2242 -0.4993
vn 0.9332 -0.2500 -0.2582
vn 0.7015 -0.0900 -0.7070
vn 0.7070 -0.0248 -0.7068
vn 0.4947 -0.0638 -0.8667
vn 0.4995 -0.0180 -0.8661
vn 0.4819 -0.1291 -0.8667
vn 0.6832 -0.1831 -0.7069
vn 0.2536 -0.0329 -0.9668
vn 0.2576 -0.0095 -0.9662
vn -0.0056 0.0007 -1.0000
vn -0.0022 0.0001 -1.0000
vn -0.0054 0.0015 -1.0000
vn 0.2471 -0.0662 -0.9667
vn -0.2636 0.0346 -0.9640
vn -0.2615 0.0102 -0.9652
vn -0.5028 0.0664 -0.8618
vn -0.5026 0.0201 -0.8643
vn -0.4900 0.1313 -0.8618
vn -0.2568 0.0688 -0.9640
vn -0.7064 0.0937 -0.7016
vn -0.7089 0.0289 -0.7047
vn -0.8615 0.1146 -0.4946
vn -0.8666 0.0359 -0.4976
vn -0.8395 0.2250 -0.4945
vn -0.6884 0.1845 -0.7015
vn -0.9583 0.1278 -0.2556
vn -0.9655 0.0403 -0.2574
vn -0.9339 0.2502 -0.2555
vn -0.8932 0.3700 0.2555
vn -0.9239 0.3827 -0.0000
vn -0.8030 0.3326 0.4945
vn -0.7527 0.4346 0.4945
vn -0.8373 0.4834 0.2555
vn -0.8660 0.5000 -0.0000
vn -0.6584 0.2727 0.7015
vn -0.4686 0.1941 0.8618
vn -0.4393 0.2536 0.8618
vn -0.6172 0.3563 0.7015
vn -0.2456 0.1017 0.9640
vn -0.0051 0.0021 1.0000
vn -0.0049 0.0028 1.0000
vn -0.2302 0.1329 0.9640
vn 0.2363 -0.0979 0.9667
vn 0.4610 -0.1909 0.8666
vn 0.4321 -0.2495 0.8667
vn 0.2215 -0.1279 0.9667
vn 0.6535 -0.2707 0.7068
vn 0.8005 -0.3316 0.4993
vn 0.7503 -0.4332 0.4993
vn 0.6126 -0.3537 0.7069
vn 0.8926 -0.3697 0.2581
vn 0.9239 -0.3827 0.0000
vn 0.8660 -0.5000 -0.0000
vn 0.8367 -0.4831 0.2582
vn 0.8926 -0.3697 -0.2581
vn 0.8005 -0.3316 -0.4993
vn 0.7503 -0.4332 -0.4993
vn 0.8367 -0.4831 -0.2582
vn 0.6535 -0.2707 -0.7068
vn 0.4610 -0.1909 -0.8666
vn 0.4321 -0.2495 -0.8667
vn 0.6126 -0.3537 -0.7069
vn 0.2363 -0.0979 -0.9667
vn -0.0051 0.0021 -1.0000
vn -0.0049 0.0028 -1.0000
vn 0.2215 -0.1279 -0.9667
vn -0.2456 0.1017 -0.9640
vn -0.4686 0.1941 -0.8618
vn -0.4393 0.2536 -0.8618
vn -0.2302 0.1329 -0.9640
vn -0.6584 0.2727 -0.7015
vn -0.8030 0.3326 -0.4945
vn -0.7527 0.4346 -0.4945
vn -0.6172 0.3563 -0.7015
vn -0.8932 0.3700 -0.2555
vn -0.8373 0.4834 -0.2555
vn -0.7670 0.5886 0.2555
vn -0.7934 0.6088 -0.0000
vn -0.6895 0.5291 0.4945
vn -0.6146 0.6146 0.4945
vn -0.6836 0.6836 0.2555
vn -0.7071 0.7071 -0.0000
vn -0.5654 0.4338 0.7015
vn -0.4024 0.3088 0.8618
vn -0.3587 0.3587 0.8618
vn -0.5039 0.5039 0.7015
vn -0.2109 0.1618 0.9640
vn -0.0044 0.0034 1.0000
vn -0.0040 0.0040 1.0000
vn -0.1880 0.1880 0.9640
vn 0.2030 -0.1557 0.9667
vn 0.3958 -0.3037 0.8666
vn 0.3528 -0.3528 0.8667
vn 0.1809 -0.1809 0.9667
vn 0.5612 -0.4306 0.7068
vn 0.6874 -0.5275 0.4993
vn 0.6127 -0.6127 0.4993
vn 0.5002 -0.5002 0.7069
vn 0.7665 -0.5881 0.2581
vn 0.7934 -0.6088 0.0000
vn 0.7071 -0.7071 0.0000
vn 0.6831 -0.6831 0.2582
vn 0.7665 -0.5881 -0.2581
vn 0.6874 -0.5275 -0.4993
vn 0.6127 -0.6127 -0.4993
vn 0.6831 -0.6831 -0.2582
vn 0.5612 -0.4306 -0.7068
vn 0.3958 -0.3037 -0.8666
vn 0.3528 -0.3528 -0.8667
vn 0.5002 -0.5002 -0.7069
vn 0.2030 -0.1557 -0.9667
vn -0.0044 0.0034 -1.0000
vn -0.0040 0.0040 -1.0000
vn 0.1809 -0.1809 -0.9667
vn -0.2109 0.1618 -0.9640
vn -0.4024 0.3088 -0.8618
vn -0.3587 0.3587 -0.8618
vn -0.1880 0.1880 -0.9640
vn -0.5654 0.4338 -0.7015
vn -0.6895 0.5291 -0.4945
vn -0.6146 0.6146 -0.4945
vn -0.5039 0.5039 -0.7015
vn -0.7670 0.5886 -0.2555
vn -0.6836 0.6836 -0.2555
vn -0.5886 0.7670 0.2555
vn -0.6088 0.7934 -0.0000
vn -0.5291 0.6895 0.4945
vn -0.4346 0.7527 0.4945
vn -0.4834 0.8373 0.2555
vn -0.5000 0.8660 -0.0000
vn -0.4338 0.5654 0.7015
vn -0.3088 0.4024 0.8618
vn -0.2536 0.4393 0.8618
vn -0.3563 0.6172 0.7015
vn -0.1618 0.2109 0.9640
vn -0.0034 0.0044 1.0000
vn -0.0028 0.0049 1.0000
vn -0.1329 0.2302 0.9640
vn 0.1557 -0.2030 0.9667
vn 0.3037 -0.3958 0.8666
vn 0.2495 -0.4321 0.8667
vn 0.1279 -0.2215 0.9667
vn 0.4306 -0.5612 0.7068
vn 0.5275 -0.6874 0.4993
vn 0.4332 -0.7503 0.4993
vn 0.3537 -0.6126 0.7069
vn 0.5881 -0.7665 0.2581
vn 0.6088 -0.7934 0.0000
vn 0.5000 -0.8660 -0.0000
vn 0.4831 -0.8367 0.2582
vn 0.5881 -0.7665 -0.2581
vn 0.5275 -0.6874 -0.4993
vn 0.4332 -0.7503 -0.4993
vn 0.4831 -0.8367 -0.2582
vn 0.4306 -0.5612 -0.7068
vn 0.3037 -0.3958 -0.8666
vn 0.2495 -0.4321 -0.8667
vn 0.3537 -0.6126 -0.7069
vn 0.1557 -0.2030 -0.9667
vn -0.0034 0.0044 -1.0000
vn -0.0028 0.0049 -1.0000
vn 0.1279 -0.2215 -0.9667
vn -0.1618 0.2109 -0.9640
vn -0.3088 0.4024 -0.8618
vn -0.2536 0.4393 -0.8618
vn -0.1329 0.2302 -0.9640
vn -0.4338 0.5654 -0.7015
vn -0.5291 0.6895 -0.4945
vn -0.4346 0.7527 -0.4945
vn -0.3563 0.6172 -0.7015
vn -0.5886 0.7670 -0.2555
vn -0.4834 0.8373 -0.2555
vn -0.3700 0.8932 0.2555
vn -0.3827 0.9239 -0.0000
vn -0.3326 0.8030 0.4945
vn -0.2250 0.8395 0.4945
vn -0.2502 0.9339 0.2555
vn -0.2588 0.9659 -0.0000
vn -0.2727 0.6584 0.7015
vn -0.1941 0.4686 0.8618
vn -0.1313 0.4900 0.8618
vn -0.1845 0.6884 0.7015
vn -0.1017 0.2456 0.9640
vn -0.0021 0.0051 1.0000
vn -0.0015 0.0054 1.0000
vn -0.0688 0.2568 0.9640
vn 0.0979 -0.2363 0.9667
vn 0.1909 -0.4610 0.8666
vn 0.1291 -0.4819 0.8667
vn 0.0662 -0.2471 0.9667
vn 0.2707 -0.6535 0.7068
vn 0.3316 -0.8005 0.4993
vn 0.2242 -0.8369 0.4993
vn 0.1831 -0.6832 0.7069
vn 0.3697 -0.8926 0.2581
vn 0.3827 -0.9239 -0.0000
vn 0.2588 -0.9659 -0.0000
vn 0.2500 -0.9332 0.2582
vn 0.3697 -0.8926 -0.2581
vn 0.3316 -0.8005 -0.4993
vn 0.2242 -0.8369 -0.4993
vn 0.2500 -0.9332 -0.2582
vn 0.2707 -0.6535 -0.7068
vn 0.1909 -0.4610 -0.8666
vn 0.1291 -0.4819 -0.8667
vn 0.1831 -0.6832 -0.7069
vn 0.0979 -0.2363 -0.9667
vn -0.0021 0.0051 -1.0000
vn -0.0015 0.0054 -1.0000
vn 0.0662 -0.2471 -0.9667
vn -0.1017 0.2456 -0.9640
vn -0.1941 0.4686 -0.8618
vn -0.1313 0.4900 -0.8618
vn -0.0688 0.2568 -0.9640
vn -0.2727 0.6584 -0.7015
vn -0.3326 0.8030 -0.4945
vn -0.2250 0.8395 -0.4945
vn -0.1845 0.6884 -0.7015
vn -0.3700 0.8932 -0.2555
vn -0.2502 0.9339 -0.2555
vn -0.1262 0.9585 0.2555
vn -0.1305 0.9914 0.0000
vn -0.1134 0.8617 0.4945
vn -0.0930 0.7066 0.7015
vn -0.0662 0.5029 0.8618
vn -0.0347 0.2635 0.9640
vn -0.0007 0.0055 1.0000
vn 0.0334 -0.2536 0.9667
vn 0.0651 -0.4947 0.8666
vn 0.0923 -0.7013 0.7068
vn 0.1131 -0.8590 0.4993
vn 0.1261 -0.9578 0.2581
vn 0.1305 -0.9914 0.0000
vn 0.1261 -0.9578 -0.2581
vn 0.1131 -0.8590 -0.4993
vn 0.0923 -0.7013 -0.7068
vn 0.0651 -0.4947 -0.8666
vn 0.0334 -0.2536 -0.9667
vn -0.0007 0.0055 -1.0000
vn -0.0347 0.2635 -0.9640
vn -0.0662 0.5029 -0.8618
vn -0.0930 0.7066 -0.7015
vn -0.1134 0.8617 -0.4945
vn -0.1262 0.9585 -0.2555
vn 0.9659 0.0070 0.2587
vn 1.0000 0.0072 0.0000
vn 0.8662 0.0061 0.4997
vn 0.8660 -0.0000 0.5000
vn 0.9659 -0.0000 0.2588
vn 1.0000 0.0000 -0.0000
vn 0.7074 0.0049 0.7068
vn 0.5004 0.0034 0.8658
vn 0.5000 -0.0000 0.8660
vn 0.7071 -0.0000 0.7071
vn 0.2593 0.0017 0.9658
vn 0.0005 0.0000 1.0000
vn 0.0000 -0.0000 1.0000
vn 0.2588 -0.0000 0.9659
vn -0.2584 -0.0015 0.9660
vn -0.4996 -0.0028 0.8662
vn -0.5000 -0.0000 0.8660
vn -0.2588 -0.0000 0.9659
vn -0.7069 -0.0039 0.7073
vn -0.8659 -0.0046 0.5002
vn -0.8660 0.0000 0.5000
vn -0.7071 -0.0000 0.7071
vn -0.9659 -0.0050 0.2589
vn -1.0000 -0.0052 0.0000
vn -1.0000 -0.0000 0.0000
vn -0.9659 -0.0000 0.2588
vn -0.9659 -0.0050 -0.2589
vn -0.8659 -0.0046 -0.5002
vn -0.8660 0.0000 -0.5000
vn -0.9659 0.0000 -0.2588
vn -0.7069 -0.0039 -0.7073
vn -0.4996 -0.0028 -0.8662
vn -0.5000 -0.0000 -0.8660
vn -0.7071 0.0000 -0.7071
vn -0.2584 -0.0015 -0.9660
vn 0.0005 0.0000 -1.0000
vn 0.0000 0.0000 -1.0000
vn -0.2588 0.0000 -0.9659
vn 0.2593 0.0017 -0.9658
vn 0.5004 0.0034 -0.8658
vn 0.5000 0.0000 -0.8660
vn 0.2588 0.0000 -0.9659
vn 0.7074 0.0049 -0.7068
vn 0.8662 0.0061 -0.4997
vn 0.8660 0.0000 -0.5000
vn 0.7071 0.0000 -0.7071
vn 0.9659 0.0070 -0.2587
vn 0.9659 0.0000 -0.2588
vn -0.9659 0.0070 0.2587
vn -0.8662 0.0061 0.4997
vn -1.0000 0.0072 0.0000
vn -1.0000 0.0000 -0.0000
vn -0.8660 -0.0000 0.5000
vn -0.7074 0.0049 0.7068
vn -0.5004 0.0034 0.8658
vn -0.2593 0.0017 0.9658
vn -0.0005 0.0000 1.0000
vn 0.2584 -0.0015 0.9660
vn 0.4996 -0.0028 0.8662
vn 0.7069 -0.0039 0.7073
vn 0.8659 -0.0046 0.5002
vn 0.8660 0.0000 0.5000
vn 0.9659 -0.0050 0.2589
vn 1.0000 -0.0052 0.0000
vn 1.0000 -0.0000 0.0000
vn 0.9659 -0.0050 -0.2589
vn 0.8659 -0.0046 -0.5002
vn 0.7069 -0.0039 -0.7073
vn 0.4996 -0.0028 -0.8662
vn 0.5000 -0.0000 -0.8660
vn 0.2584 -0.0015 -0.9660
vn -0.0005 0.0000 -1.0000
vn -0.0000 0.0000 -1.0000
vn -0.2593 0.0017 -0.9658
vn -0.5004 0.0034 -0.8658
vn -0.5000 0.0000 -0.8660
vn -0.7074 0.0049 -0.7068
vn -0.8662 0.0061 -0.4997
vn -0.9659 0.0070 -0.2587
# 679 vertex normals

vt 0.5337 0.4495 0.0000
vt 0.5347 0.4608 0.0000
vt 0.4978 0.4627 0.0000
vt 0.4978 0.4514 0.0000
vt 0.5328 0.4381 0.0000
vt 0.4978 0.4400 0.0000
vt 0.5674 0.4337 0.0000
vt 0.5694 0.4449 0.0000
vt 0.5713 0.4561 0.0000
vt 0.5318 0.4266 0.0000
vt 0.4978 0.4288 0.0000
vt 0.5307 0.4151 0.0000
vt 0.4978 0.4174 0.0000
vt 0.5635 0.4111 0.0000
vt 0.5655 0.4224 0.0000
vt 0.5297 0.4036 0.0000
vt 0.4978 0.4058 0.0000
vt 0.5287 0.3921 0.0000
vt 0.4978 0.3942 0.0000
vt 0.5595 0.3883 0.0000
vt 0.5615 0.3997 0.0000
vt 0.5277 0.3806 0.0000
vt 0.4978 0.3826 0.0000
vt 0.5267 0.3692 0.0000
vt 0.4978 0.3709 0.0000
vt 0.5555 0.3656 0.0000
vt 0.5575 0.3770 0.0000
vt 0.5257 0.3578 0.0000
vt 0.4978 0.3592 0.0000
vt 0.5248 0.3464 0.0000
vt 0.4978 0.3476 0.0000
vt 0.5516 0.3430 0.0000
vt 0.5535 0.3543 0.0000
vt 0.5238 0.3350 0.0000
vt 0.4978 0.3362 0.0000
vt 0.5229 0.3237 0.0000
vt 0.4978 0.3248 0.0000
vt 0.5478 0.3205 0.0000
vt 0.5497 0.3317 0.0000
vt 0.5256 0.5992 0.0000
vt 0.5247 0.6105 0.0000
vt 0.4995 0.6095 0.0000
vt 0.4995 0.5981 0.0000
vt 0.5265 0.5878 0.0000
vt 0.4995 0.5866 0.0000
vt 0.5534 0.5911 0.0000
vt 0.5515 0.6024 0.0000
vt 0.5496 0.6136 0.0000
vt 0.5275 0.5764 0.0000
vt 0.4995 0.5751 0.0000
vt 0.5284 0.5649 0.0000
vt 0.4995 0.5634 0.0000
vt 0.5572 0.5685 0.0000
vt 0.5553 0.5798 0.0000
vt 0.5294 0.5535 0.0000
vt 0.4995 0.5517 0.0000
vt 0.5304 0.5420 0.0000
vt 0.4995 0.5400 0.0000
vt 0.5612 0.5457 0.0000
vt 0.5592 0.5571 0.0000
vt 0.5314 0.5305 0.0000
vt 0.4995 0.5283 0.0000
vt 0.5324 0.5190 0.0000
vt 0.4995 0.5167 0.0000
vt 0.5651 0.5230 0.0000
vt 0.5631 0.5343 0.0000
vt 0.5334 0.5075 0.0000
vt 0.4995 0.5054 0.0000
vt 0.5344 0.4960 0.0000
vt 0.4995 0.4941 0.0000
vt 0.5690 0.5003 0.0000
vt 0.5671 0.5116 0.0000
vt 0.5353 0.4846 0.0000
vt 0.4995 0.4828 0.0000
vt 0.5363 0.4733 0.0000
vt 0.4995 0.4714 0.0000
vt 0.5728 0.4779 0.0000
vt 0.5709 0.4891 0.0000
vt 0.6045 0.4374 0.0000
vt 0.6074 0.4484 0.0000
vt 0.6016 0.4264 0.0000
vt 0.6351 0.4163 0.0000
vt 0.6390 0.4270 0.0000
vt 0.6428 0.4377 0.0000
vt 0.5987 0.4154 0.0000
vt 0.5958 0.4043 0.0000
vt 0.6273 0.3947 0.0000
vt 0.6313 0.4055 0.0000
vt 0.5928 0.3931 0.0000
vt 0.5898 0.3820 0.0000
vt 0.6194 0.3730 0.0000
vt 0.6234 0.3839 0.0000
vt 0.5868 0.3708 0.0000
vt 0.5838 0.3596 0.0000
vt 0.6116 0.3513 0.0000
vt 0.6155 0.3622 0.0000
vt 0.5809 0.3485 0.0000
vt 0.5780 0.3374 0.0000
vt 0.6038 0.3297 0.0000
vt 0.6077 0.3405 0.0000
vt 0.5751 0.3264 0.0000
vt 0.5723 0.3154 0.0000
vt 0.5963 0.3082 0.0000
vt 0.6000 0.3190 0.0000
vt 0.5770 0.6076 0.0000
vt 0.5742 0.6187 0.0000
vt 0.5798 0.5966 0.0000
vt 0.6057 0.6042 0.0000
vt 0.6020 0.6150 0.0000
vt 0.5983 0.6257 0.0000
vt 0.5827 0.5855 0.0000
vt 0.5856 0.5744 0.0000
vt 0.6134 0.5825 0.0000
vt 0.6095 0.5934 0.0000
vt 0.5885 0.5632 0.0000
vt 0.5915 0.5520 0.0000
vt 0.6212 0.5608 0.0000
vt 0.6173 0.5717 0.0000
vt 0.5945 0.5408 0.0000
vt 0.5974 0.5297 0.0000
vt 0.6290 0.5391 0.0000
vt 0.6251 0.5499 0.0000
vt 0.6003 0.5186 0.0000
vt 0.6032 0.5075 0.0000
vt 0.6367 0.5175 0.0000
vt 0.6329 0.5282 0.0000
vt 0.6061 0.4965 0.0000
vt 0.6089 0.4854 0.0000
vt 0.6443 0.4960 0.0000
vt 0.6405 0.5067 0.0000
vt 0.6724 0.4136 0.0000
vt 0.6771 0.4240 0.0000
vt 0.6677 0.4033 0.0000
vt 0.6990 0.3875 0.0000
vt 0.7046 0.3974 0.0000
vt 0.7102 0.4073 0.0000
vt 0.6629 0.3929 0.0000
vt 0.6580 0.3825 0.0000
vt 0.6875 0.3677 0.0000
vt 0.6933 0.3776 0.0000
vt 0.6531 0.3721 0.0000
vt 0.6482 0.3616 0.0000
vt 0.6759 0.3478 0.0000
vt 0.6817 0.3578 0.0000
vt 0.6433 0.3512 0.0000
vt 0.6385 0.3407 0.0000
vt 0.6643 0.3279 0.0000
vt 0.6701 0.3378 0.0000
vt 0.6336 0.3303 0.0000
vt 0.6289 0.3199 0.0000
vt 0.6529 0.3080 0.0000
vt 0.6586 0.3179 0.0000
vt 0.6241 0.3095 0.0000
vt 0.6195 0.2991 0.0000
vt 0.6418 0.2881 0.0000
vt 0.6473 0.2981 0.0000
vt 0.6262 0.6243 0.0000
vt 0.6216 0.6347 0.0000
vt 0.6309 0.6139 0.0000
vt 0.6550 0.6257 0.0000
vt 0.6495 0.6356 0.0000
vt 0.6441 0.6456 0.0000
vt 0.6356 0.6035 0.0000
vt 0.6404 0.5930 0.0000
vt 0.6663 0.6057 0.0000
vt 0.6607 0.6157 0.0000
vt 0.6452 0.5825 0.0000
vt 0.6500 0.5720 0.0000
vt 0.6778 0.5857 0.0000
vt 0.6721 0.5957 0.0000
vt 0.6549 0.5616 0.0000
vt 0.6597 0.5511 0.0000
vt 0.6893 0.5657 0.0000
vt 0.6836 0.5757 0.0000
vt 0.6645 0.5407 0.0000
vt 0.6693 0.5303 0.0000
vt 0.7007 0.5459 0.0000
vt 0.6950 0.5558 0.0000
vt 0.6740 0.5199 0.0000
vt 0.6787 0.5095 0.0000
vt 0.7118 0.5260 0.0000
vt 0.7063 0.5359 0.0000
vt 0.7353 0.3783 0.0000
vt 0.7418 0.3877 0.0000
vt 0.7288 0.3690 0.0000
vt 0.7569 0.3478 0.0000
vt 0.7642 0.3565 0.0000
vt 0.7715 0.3652 0.0000
vt 0.7222 0.3596 0.0000
vt 0.7156 0.3503 0.0000
vt 0.7421 0.3305 0.0000
vt 0.7495 0.3391 0.0000
vt 0.7090 0.3409 0.0000
vt 0.7023 0.3316 0.0000
vt 0.7271 0.3131 0.0000
vt 0.7346 0.3218 0.0000
vt 0.6956 0.3222 0.0000
vt 0.6889 0.3128 0.0000
vt 0.7121 0.2956 0.0000
vt 0.7196 0.3043 0.0000
vt 0.6823 0.3034 0.0000
vt 0.6758 0.2940 0.0000
vt 0.6973 0.2781 0.0000
vt 0.7047 0.2869 0.0000
vt 0.6694 0.2847 0.0000
vt 0.6630 0.2752 0.0000
vt 0.6829 0.2606 0.0000
vt 0.6901 0.2694 0.0000
vt 0.6717 0.6489 0.0000
vt 0.6654 0.6584 0.0000
vt 0.6781 0.6395 0.0000
vt 0.6997 0.6552 0.0000
vt 0.6925 0.6640 0.0000
vt 0.6854 0.6729 0.0000
vt 0.6845 0.6301 0.0000
vt 0.6911 0.6206 0.0000
vt 0.7144 0.6376 0.0000
vt 0.7070 0.6464 0.0000
vt 0.6977 0.6112 0.0000
vt 0.7043 0.6018 0.0000
vt 0.7292 0.6201 0.0000
vt 0.7218 0.6289 0.0000
vt 0.7109 0.5923 0.0000
vt 0.7175 0.5829 0.0000
vt 0.7441 0.6026 0.0000
vt 0.7367 0.6113 0.0000
vt 0.7241 0.5735 0.0000
vt 0.7306 0.5642 0.0000
vt 0.7588 0.5851 0.0000
vt 0.7515 0.5938 0.0000
vt 0.7371 0.5548 0.0000
vt 0.7434 0.5454 0.0000
vt 0.7733 0.5676 0.0000
vt 0.7661 0.5763 0.0000
vt 0.7910 0.3321 0.0000
vt 0.7990 0.3402 0.0000
vt 0.7829 0.3241 0.0000
vt 0.8066 0.2981 0.0000
vt 0.8154 0.3053 0.0000
vt 0.8241 0.3126 0.0000
vt 0.7748 0.3162 0.0000
vt 0.7666 0.3082 0.0000
vt 0.7890 0.2838 0.0000
vt 0.7979 0.2909 0.0000
vt 0.7583 0.3003 0.0000
vt 0.7501 0.2923 0.0000
vt 0.7710 0.2696 0.0000
vt 0.7800 0.2767 0.0000
vt 0.7418 0.2844 0.0000
vt 0.7335 0.2764 0.0000
vt 0.7531 0.2554 0.0000
vt 0.7620 0.2625 0.0000
vt 0.7253 0.2684 0.0000
vt 0.7172 0.2604 0.0000
vt 0.7354 0.2409 0.0000
vt 0.7442 0.2481 0.0000
vt 0.7092 0.2523 0.0000
vt 0.7013 0.2442 0.0000
vt 0.7180 0.2262 0.0000
vt 0.7267 0.2335 0.0000
vt 0.7118 0.6810 0.0000
vt 0.7039 0.6891 0.0000
vt 0.7198 0.6728 0.0000
vt 0.7381 0.6922 0.0000
vt 0.7295 0.6996 0.0000
vt 0.7209 0.7070 0.0000
vt 0.7278 0.6647 0.0000
vt 0.7360 0.6567 0.0000
vt 0.7557 0.6775 0.0000
vt 0.7469 0.6848 0.0000
vt 0.7442 0.6486 0.0000
vt 0.7524 0.6406 0.0000
vt 0.7736 0.6631 0.0000
vt 0.7646 0.6703 0.0000
vt 0.7606 0.6326 0.0000
vt 0.7688 0.6246 0.0000
vt 0.7914 0.6488 0.0000
vt 0.7825 0.6560 0.0000
vt 0.7770 0.6166 0.0000
vt 0.7850 0.6085 0.0000
vt 0.8090 0.6344 0.0000
vt 0.8002 0.6416 0.0000
vt 0.7930 0.6005 0.0000
vt 0.8010 0.5924 0.0000
vt 0.8263 0.6197 0.0000
vt 0.8177 0.6271 0.0000
vt 0.8372 0.2764 0.0000
vt 0.8465 0.2829 0.0000
vt 0.8279 0.2699 0.0000
vt 0.8551 0.2265 0.0000
vt 0.8649 0.2324 0.0000
vt 0.8746 0.2384 0.0000
vt 0.8185 0.2635 0.0000
vt 0.8090 0.2573 0.0000
vt 0.8352 0.2152 0.0000
vt 0.8452 0.2208 0.0000
vt 0.7994 0.2511 0.0000
vt 0.7897 0.2450 0.0000
vt 0.8151 0.2044 0.0000
vt 0.8252 0.2097 0.0000
vt 0.7801 0.2388 0.0000
vt 0.7705 0.2326 0.0000
vt 0.7950 0.1936 0.0000
vt 0.8050 0.1990 0.0000
vt 0.7610 0.2263 0.0000
vt 0.7516 0.2198 0.0000
vt 0.7754 0.1822 0.0000
vt 0.7852 0.1880 0.0000
vt 0.7423 0.2133 0.0000
vt 0.7330 0.2067 0.0000
vt 0.7561 0.1704 0.0000
vt 0.7658 0.1763 0.0000
vt 0.7453 0.7197 0.0000
vt 0.7360 0.7263 0.0000
vt 0.7545 0.7131 0.0000
vt 0.7787 0.7505 0.0000
vt 0.7691 0.7565 0.0000
vt 0.7595 0.7625 0.0000
vt 0.7639 0.7065 0.0000
vt 0.7733 0.7001 0.0000
vt 0.7982 0.7390 0.0000
vt 0.7884 0.7446 0.0000
vt 0.7829 0.6938 0.0000
vt 0.7925 0.6876 0.0000
vt 0.8182 0.7280 0.0000
vt 0.8082 0.7334 0.0000
vt 0.8021 0.6814 0.0000
vt 0.8117 0.6752 0.0000
vt 0.8383 0.7170 0.0000
vt 0.8283 0.7226 0.0000
vt 0.8211 0.6688 0.0000
vt 0.8305 0.6624 0.0000
vt 0.8581 0.7055 0.0000
vt 0.8482 0.7113 0.0000
vt 0.8397 0.6558 0.0000
vt 0.8490 0.6493 0.0000
vt 0.8775 0.6935 0.0000
vt 0.8678 0.6995 0.0000
vt 0.1583 0.2766 0.0000
vt 0.1490 0.2831 0.0000
vt 0.1209 0.2386 0.0000
vt 0.1306 0.2327 0.0000
vt 0.1677 0.2701 0.0000
vt 0.1404 0.2268 0.0000
vt 0.1889 0.2983 0.0000
vt 0.1802 0.3055 0.0000
vt 0.1715 0.3128 0.0000
vt 0.1771 0.2637 0.0000
vt 0.1503 0.2210 0.0000
vt 0.1866 0.2574 0.0000
vt 0.1603 0.2154 0.0000
vt 0.2066 0.2840 0.0000
vt 0.1977 0.2911 0.0000
vt 0.1962 0.2513 0.0000
vt 0.1703 0.2099 0.0000
vt 0.2058 0.2451 0.0000
vt 0.1804 0.2045 0.0000
vt 0.2245 0.2698 0.0000
vt 0.2155 0.2768 0.0000
vt 0.2155 0.2390 0.0000
vt 0.1905 0.1992 0.0000
vt 0.2251 0.2328 0.0000
vt 0.2005 0.1937 0.0000
vt 0.2425 0.2555 0.0000
vt 0.2335 0.2626 0.0000
vt 0.2346 0.2264 0.0000
vt 0.2103 0.1881 0.0000
vt 0.2439 0.2200 0.0000
vt 0.2200 0.1824 0.0000
vt 0.2602 0.2410 0.0000
vt 0.2514 0.2483 0.0000
vt 0.2532 0.2134 0.0000
vt 0.2297 0.1765 0.0000
vt 0.2625 0.2068 0.0000
vt 0.2394 0.1705 0.0000
vt 0.2775 0.2263 0.0000
vt 0.2689 0.2336 0.0000
vt 0.2539 0.7199 0.0000
vt 0.2632 0.7266 0.0000
vt 0.2397 0.7627 0.0000
vt 0.2301 0.7567 0.0000
vt 0.2447 0.7133 0.0000
vt 0.2205 0.7507 0.0000
vt 0.2610 0.6924 0.0000
vt 0.2697 0.6998 0.0000
vt 0.2783 0.7072 0.0000
vt 0.2353 0.7068 0.0000
vt 0.2108 0.7449 0.0000
vt 0.2259 0.7004 0.0000
vt 0.2010 0.7392 0.0000
vt 0.2434 0.6778 0.0000
vt 0.2523 0.6851 0.0000
vt 0.2163 0.6941 0.0000
vt 0.1910 0.7337 0.0000
vt 0.2067 0.6879 0.0000
vt 0.1810 0.7283 0.0000
vt 0.2256 0.6634 0.0000
vt 0.2345 0.6706 0.0000
vt 0.1971 0.6817 0.0000
vt 0.1709 0.7229 0.0000
vt 0.1875 0.6755 0.0000
vt 0.1609 0.7174 0.0000
vt 0.2077 0.6491 0.0000
vt 0.2166 0.6563 0.0000
vt 0.1780 0.6692 0.0000
vt 0.1510 0.7117 0.0000
vt 0.1687 0.6627 0.0000
vt 0.1411 0.7059 0.0000
vt 0.1901 0.6347 0.0000
vt 0.1989 0.6419 0.0000
vt 0.1594 0.6562 0.0000
vt 0.1314 0.6999 0.0000
vt 0.1501 0.6496 0.0000
vt 0.1217 0.6939 0.0000
vt 0.1728 0.6201 0.0000
vt 0.1814 0.6274 0.0000
vt 0.2047 0.3323 0.0000
vt 0.1966 0.3403 0.0000
vt 0.2127 0.3243 0.0000
vt 0.2388 0.3480 0.0000
vt 0.2315 0.3567 0.0000
vt 0.2242 0.3654 0.0000
vt 0.2208 0.3163 0.0000
vt 0.2290 0.3084 0.0000
vt 0.2536 0.3306 0.0000
vt 0.2461 0.3393 0.0000
vt 0.2372 0.3004 0.0000
vt 0.2455 0.2925 0.0000
vt 0.2685 0.3132 0.0000
vt 0.2610 0.3219 0.0000
vt 0.2538 0.2845 0.0000
vt 0.2620 0.2765 0.0000
vt 0.2835 0.2957 0.0000
vt 0.2760 0.3044 0.0000
vt 0.2702 0.2685 0.0000
vt 0.2783 0.2604 0.0000
vt 0.2982 0.2782 0.0000
vt 0.2909 0.2869 0.0000
vt 0.2863 0.2524 0.0000
vt 0.2943 0.2443 0.0000
vt 0.3127 0.2606 0.0000
vt 0.3055 0.2694 0.0000
vt 0.2873 0.6812 0.0000
vt 0.2952 0.6893 0.0000
vt 0.2793 0.6730 0.0000
vt 0.2994 0.6554 0.0000
vt 0.3066 0.6642 0.0000
vt 0.3137 0.6731 0.0000
vt 0.2713 0.6650 0.0000
vt 0.2632 0.6569 0.0000
vt 0.2847 0.6378 0.0000
vt 0.2921 0.6466 0.0000
vt 0.2549 0.6488 0.0000
vt 0.2467 0.6408 0.0000
vt 0.2698 0.6203 0.0000
vt 0.2773 0.6291 0.0000
vt 0.2385 0.6328 0.0000
vt 0.2303 0.6248 0.0000
vt 0.2549 0.6028 0.0000
vt 0.2624 0.6115 0.0000
vt 0.2221 0.6168 0.0000
vt 0.2140 0.6088 0.0000
vt 0.2402 0.5853 0.0000
vt 0.2476 0.5941 0.0000
vt 0.2060 0.6008 0.0000
vt 0.1980 0.5927 0.0000
vt 0.2257 0.5678 0.0000
vt 0.2330 0.5766 0.0000
vt 0.2604 0.3784 0.0000
vt 0.2539 0.3878 0.0000
vt 0.2669 0.3691 0.0000
vt 0.2967 0.3876 0.0000
vt 0.2910 0.3975 0.0000
vt 0.2855 0.4074 0.0000
vt 0.2734 0.3597 0.0000
vt 0.2800 0.3504 0.0000
vt 0.3081 0.3678 0.0000
vt 0.3024 0.3777 0.0000
vt 0.2867 0.3410 0.0000
vt 0.2934 0.3316 0.0000
vt 0.3197 0.3479 0.0000
vt 0.3139 0.3578 0.0000
vt 0.3000 0.3222 0.0000
vt 0.3067 0.3129 0.0000
vt 0.3313 0.3279 0.0000
vt 0.3255 0.3379 0.0000
vt 0.3133 0.3035 0.0000
vt 0.3198 0.2941 0.0000
vt 0.3427 0.3080 0.0000
vt 0.3370 0.3180 0.0000
vt 0.3262 0.2847 0.0000
vt 0.3326 0.2753 0.0000
vt 0.3538 0.2882 0.0000
vt 0.3483 0.2981 0.0000
vt 0.3274 0.6490 0.0000
vt 0.3337 0.6585 0.0000
vt 0.3210 0.6396 0.0000
vt 0.3440 0.6258 0.0000
vt 0.3496 0.6358 0.0000
vt 0.3550 0.6457 0.0000
vt 0.3146 0.6302 0.0000
vt 0.3080 0.6208 0.0000
vt 0.3327 0.6059 0.0000
vt 0.3384 0.6158 0.0000
vt 0.3014 0.6114 0.0000
vt 0.2948 0.6019 0.0000
vt 0.3212 0.5859 0.0000
vt 0.3270 0.5959 0.0000
vt 0.2881 0.5925 0.0000
vt 0.2815 0.5831 0.0000
vt 0.3097 0.5659 0.0000
vt 0.3154 0.5759 0.0000
vt 0.2749 0.5737 0.0000
vt 0.2684 0.5644 0.0000
vt 0.2983 0.5460 0.0000
vt 0.3040 0.5560 0.0000
vt 0.2620 0.5550 0.0000
vt 0.2556 0.5456 0.0000
vt 0.2872 0.5262 0.0000
vt 0.2927 0.5361 0.0000
vt 0.3232 0.4137 0.0000
vt 0.3186 0.4240 0.0000
vt 0.3280 0.4033 0.0000
vt 0.3605 0.4163 0.0000
vt 0.3567 0.4270 0.0000
vt 0.3529 0.4378 0.0000
vt 0.3328 0.3930 0.0000
vt 0.3376 0.3826 0.0000
vt 0.3683 0.3948 0.0000
vt 0.3644 0.4056 0.0000
vt 0.3425 0.3721 0.0000
vt 0.3474 0.3617 0.0000
vt 0.3762 0.3731 0.0000
vt 0.3723 0.3839 0.0000
vt 0.3523 0.3512 0.0000
vt 0.3572 0.3408 0.0000
vt 0.3841 0.3514 0.0000
vt 0.3802 0.3622 0.0000
vt 0.3620 0.3303 0.0000
vt 0.3668 0.3199 0.0000
vt 0.3918 0.3298 0.0000
vt 0.3880 0.3406 0.0000
vt 0.3715 0.3096 0.0000
vt 0.3761 0.2992 0.0000
vt 0.3993 0.3083 0.0000
vt 0.3956 0.3190 0.0000
vt 0.3729 0.6244 0.0000
vt 0.3775 0.6348 0.0000
vt 0.3682 0.6140 0.0000
vt 0.3933 0.6043 0.0000
vt 0.3971 0.6150 0.0000
vt 0.4008 0.6258 0.0000
vt 0.3635 0.6036 0.0000
vt 0.3587 0.5931 0.0000
vt 0.3856 0.5826 0.0000
vt 0.3895 0.5935 0.0000
vt 0.3538 0.5826 0.0000
vt 0.3490 0.5722 0.0000
vt 0.3778 0.5609 0.0000
vt 0.3817 0.5718 0.0000
vt 0.3441 0.5617 0.0000
vt 0.3393 0.5512 0.0000
vt 0.3700 0.5392 0.0000
vt 0.3739 0.5500 0.0000
vt 0.3345 0.5408 0.0000
vt 0.3297 0.5304 0.0000
vt 0.3622 0.5176 0.0000
vt 0.3661 0.5283 0.0000
vt 0.3250 0.5201 0.0000
vt 0.3203 0.5097 0.0000
vt 0.3547 0.4961 0.0000
vt 0.3584 0.5068 0.0000
vt 0.3911 0.4375 0.0000
vt 0.3883 0.4485 0.0000
vt 0.3940 0.4264 0.0000
vt 0.4282 0.4337 0.0000
vt 0.4263 0.4449 0.0000
vt 0.4244 0.4561 0.0000
vt 0.3970 0.4154 0.0000
vt 0.3999 0.4043 0.0000
vt 0.4322 0.4111 0.0000
vt 0.4302 0.4224 0.0000
vt 0.4029 0.3931 0.0000
vt 0.4059 0.3820 0.0000
vt 0.4362 0.3883 0.0000
vt 0.4342 0.3997 0.0000
vt 0.4088 0.3708 0.0000
vt 0.4118 0.3597 0.0000
vt 0.4402 0.3656 0.0000
vt 0.4382 0.3770 0.0000
vt 0.4148 0.3485 0.0000
vt 0.4177 0.3375 0.0000
vt 0.4441 0.3430 0.0000
vt 0.4421 0.3543 0.0000
vt 0.4205 0.3264 0.0000
vt 0.4233 0.3154 0.0000
vt 0.4479 0.3205 0.0000
vt 0.4460 0.3318 0.0000
vt 0.4221 0.6077 0.0000
vt 0.4248 0.6187 0.0000
vt 0.4192 0.5966 0.0000
vt 0.4457 0.5912 0.0000
vt 0.4476 0.6024 0.0000
vt 0.4494 0.6136 0.0000
vt 0.4163 0.5855 0.0000
vt 0.4134 0.5744 0.0000
vt 0.4418 0.5685 0.0000
vt 0.4437 0.5799 0.0000
vt 0.4105 0.5632 0.0000
vt 0.4075 0.5521 0.0000
vt 0.4378 0.5458 0.0000
vt 0.4398 0.5571 0.0000
vt 0.4045 0.5409 0.0000
vt 0.4016 0.5297 0.0000
vt 0.4339 0.5230 0.0000
vt 0.4358 0.5344 0.0000
vt 0.3986 0.5186 0.0000
vt 0.3957 0.5076 0.0000
vt 0.4299 0.5004 0.0000
vt 0.4319 0.5117 0.0000
vt 0.3929 0.4965 0.0000
vt 0.3900 0.4855 0.0000
vt 0.4261 0.4779 0.0000
vt 0.4280 0.4891 0.0000
vt 0.4619 0.4495 0.0000
vt 0.4610 0.4608 0.0000
vt 0.4629 0.4381 0.0000
vt 0.4639 0.4266 0.0000
vt 0.4649 0.4151 0.0000
vt 0.4659 0.4036 0.0000
vt 0.4669 0.3921 0.0000
vt 0.4679 0.3806 0.0000
vt 0.4689 0.3692 0.0000
vt 0.4699 0.3578 0.0000
vt 0.4709 0.3464 0.0000
vt 0.4718 0.3350 0.0000
vt 0.4728 0.3237 0.0000
vt 0.4735 0.5992 0.0000
vt 0.4744 0.6105 0.0000
vt 0.4725 0.5878 0.0000
vt 0.4715 0.5764 0.0000
vt 0.4706 0.5650 0.0000
vt 0.4696 0.5535 0.0000
vt 0.4686 0.5420 0.0000
vt 0.4676 0.5305 0.0000
vt 0.4666 0.5190 0.0000
vt 0.4656 0.5075 0.0000
vt 0.4646 0.4960 0.0000
vt 0.4636 0.4846 0.0000
vt 0.4626 0.4733 0.0000
vt 0.9065 0.1607 0.0000
vt 0.9163 0.1663 0.0000
vt 0.8965 0.1550 0.0000
vt 0.9442 0.0689 0.0000
vt 0.9542 0.0745 0.0000
vt 0.9641 0.0801 0.0000
vt 0.8865 0.1495 0.0000
vt 0.8764 0.1442 0.0000
vt 0.9240 0.0580 0.0000
vt 0.9341 0.0634 0.0000
vt 0.8663 0.1390 0.0000
vt 0.8561 0.1338 0.0000
vt 0.9036 0.0475 0.0000
vt 0.9138 0.0527 0.0000
vt 0.8459 0.1287 0.0000
vt 0.8358 0.1234 0.0000
vt 0.8835 0.0372 0.0000
vt 0.8935 0.0424 0.0000
vt 0.8258 0.1181 0.0000
vt 0.8159 0.1126 0.0000
vt 0.8637 0.0264 0.0000
vt 0.8736 0.0319 0.0000
vt 0.8060 0.1069 0.0000
vt 0.7962 0.1013 0.0000
vt 0.8440 0.0153 0.0000
vt 0.8539 0.0208 0.0000
vt 0.8101 0.8254 0.0000
vt 0.8003 0.8312 0.0000
vt 0.8199 0.8197 0.0000
vt 0.8686 0.9054 0.0000
vt 0.8588 0.9111 0.0000
vt 0.8490 0.9167 0.0000
vt 0.8298 0.8141 0.0000
vt 0.8398 0.8087 0.0000
vt 0.8883 0.8945 0.0000
vt 0.8784 0.8999 0.0000
vt 0.8498 0.8033 0.0000
vt 0.8599 0.7981 0.0000
vt 0.9083 0.8839 0.0000
vt 0.8982 0.8892 0.0000
vt 0.8701 0.7929 0.0000
vt 0.8802 0.7876 0.0000
vt 0.9286 0.8733 0.0000
vt 0.9184 0.8787 0.0000
vt 0.8903 0.7821 0.0000
vt 0.9002 0.7765 0.0000
vt 0.9487 0.8622 0.0000
vt 0.9387 0.8678 0.0000
vt 0.9101 0.7708 0.0000
vt 0.9199 0.7651 0.0000
vt 0.9685 0.8509 0.0000
vt 0.9586 0.8565 0.0000
vt 0.0890 0.1610 0.0000
vt 0.0989 0.1553 0.0000
vt 0.0791 0.1666 0.0000
vt 0.0312 0.0805 0.0000
vt 0.0411 0.0749 0.0000
vt 0.0511 0.0693 0.0000
vt 0.1089 0.1498 0.0000
vt 0.1190 0.1444 0.0000
vt 0.0612 0.0637 0.0000
vt 0.0713 0.0583 0.0000
vt 0.1291 0.1392 0.0000
vt 0.1393 0.1341 0.0000
vt 0.0815 0.0530 0.0000
vt 0.0916 0.0479 0.0000
vt 0.1495 0.1289 0.0000
vt 0.1596 0.1237 0.0000
vt 0.1017 0.0427 0.0000
vt 0.1117 0.0375 0.0000
vt 0.1696 0.1183 0.0000
vt 0.1795 0.1128 0.0000
vt 0.1217 0.0321 0.0000
vt 0.1315 0.0267 0.0000
vt 0.1893 0.1071 0.0000
vt 0.1992 0.1015 0.0000
vt 0.1413 0.0211 0.0000
vt 0.1512 0.0155 0.0000
vt 0.1892 0.8258 0.0000
vt 0.1794 0.8200 0.0000
vt 0.1990 0.8315 0.0000
vt 0.1505 0.9171 0.0000
vt 0.1406 0.9114 0.0000
vt 0.1308 0.9058 0.0000
vt 0.1695 0.8144 0.0000
vt 0.1596 0.8090 0.0000
vt 0.1210 0.9003 0.0000
vt 0.1112 0.8949 0.0000
vt 0.1495 0.8037 0.0000
vt 0.1394 0.7985 0.0000
vt 0.1012 0.8896 0.0000
vt 0.0911 0.8844 0.0000
vt 0.1292 0.7933 0.0000
vt 0.1191 0.7880 0.0000
vt 0.0810 0.8791 0.0000
vt 0.0708 0.8738 0.0000
vt 0.1090 0.7826 0.0000
vt 0.0991 0.7770 0.0000
vt 0.0607 0.8683 0.0000
vt 0.0507 0.8627 0.0000
vt 0.0892 0.7713 0.0000
vt 0.0793 0.7655 0.0000
vt 0.0408 0.8570 0.0000
vt 0.0309 0.8514 0.0000
# 754 texture coords

o Torus001
g Torus001
usemtl wire_027006001
s 2
f 489/601/387 490/602/388 491/603/389 492/604/390 
f 493/605/391 489/601/387 492/604/390 494/606/392 
f 489/601/387 493/605/391 495/607/393 496/608/394 
f 490/602/388 489/601/387 496/608/394 497/609/395 
f 498/610/396 493/605/391 494/606/392 499/611/397 
f 500/612/398 498/610/396 499/611/397 501/613/399 
f 498/610/396 500/612/398 502/614/400 503/615/401 
f 493/605/391 498/610/396 503/615/401 495/607/393 
f 504/616/402 500/612/398 501/613/399 505/617/403 
f 506/618/404 504/616/402 505/617/403 507/619/405 
f 504/616/402 506/618/404 508/620/406 509/621/407 
f 500/612/398 504/616/402 509/621/407 502/614/400 
f 510/622/408 506/618/404 507/619/405 511/623/409 
f 512/624/410 510/622/408 511/623/409 513/625/411 
f 510/622/408 512/624/410 514/626/412 515/627/413 
f 506/618/404 510/622/408 515/627/413 508/620/406 
f 516/628/414 512/624/410 513/625/411 517/629/415 
f 518/630/416 516/628/414 517/629/415 519/631/417 
f 516/628/414 518/630/416 520/632/418 521/633/419 
f 512/624/410 516/628/414 521/633/419 514/626/412 
f 522/634/420 518/630/416 519/631/417 523/635/421 
f 524/636/422 522/634/420 523/635/421 525/637/423 
f 522/634/420 524/636/422 526/638/424 527/639/425 
f 518/630/416 522/634/420 527/639/425 520/632/418 
f 528/640/426 524/641/422 525/642/423 529/643/427 
f 530/644/428 528/640/426 529/643/427 531/645/429 
f 528/640/426 530/644/428 532/646/430 533/647/431 
f 524/641/422 528/640/426 533/647/431 526/648/424 
f 534/649/432 530/644/428 531/645/429 535/650/433 
f 536/651/434 534/649/432 535/650/433 537/652/435 
f 534/649/432 536/651/434 538/653/436 539/654/437 
f 530/644/428 534/649/432 539/654/437 532/646/430 
f 540/655/438 536/651/434 537/652/435 541/656/439 
f 542/657/440 540/655/438 541/656/439 543/658/441 
f 540/655/438 542/657/440 544/659/442 545/660/443 
f 536/651/434 540/655/438 545/660/443 538/653/436 
f 546/661/444 542/657/440 543/658/441 547/662/445 
f 548/663/446 546/661/444 547/662/445 549/664/447 
f 546/661/444 548/663/446 550/665/448 551/666/449 
f 542/657/440 546/661/444 551/666/449 544/659/442 
f 552/667/450 548/663/446 549/664/447 553/668/451 
f 554/669/452 552/667/450 553/668/451 555/670/453 
f 552/667/450 554/669/452 556/671/454 557/672/455 
f 548/663/446 552/667/450 557/672/455 550/665/448 
f 558/673/456 554/669/452 555/670/453 559/674/457 
f 490/675/388 558/673/456 559/674/457 491/676/389 
f 558/673/456 490/675/388 497/677/395 560/678/458 
f 554/669/452 558/673/456 560/678/458 556/671/454 
f 561/679/459 562/680/460 497/609/395 496/608/394 
f 563/681/461 561/679/459 496/608/394 495/607/393 
f 561/679/459 563/681/461 564/682/462 565/683/463 
f 562/680/460 561/679/459 565/683/463 566/684/464 
f 567/685/465 563/681/461 495/607/393 503/615/401 
f 568/686/466 567/685/465 503/615/401 502/614/400 
f 567/685/465 568/686/466 569/687/467 570/688/468 
f 563/681/461 567/685/465 570/688/468 564/682/462 
f 571/689/469 568/686/466 502/614/400 509/621/407 
f 572/690/470 571/689/469 509/621/407 508/620/406 
f 571/689/469 572/690/470 573/691/471 574/692/472 
f 568/686/466 571/689/469 574/692/472 569/687/467 
f 575/693/473 572/690/470 508/620/406 515/627/413 
f 576/694/474 575/693/473 515/627/413 514/626/412 
f 575/693/473 576/694/474 577/695/475 578/696/476 
f 572/690/470 575/693/473 578/696/476 573/691/471 
f 579/697/477 576/694/474 514/626/412 521/633/419 
f 580/698/478 579/697/477 521/633/419 520/632/418 
f 579/697/477 580/698/478 581/699/479 582/700/480 
f 576/694/474 579/697/477 582/700/480 577/695/475 
f 583/701/481 580/698/478 520/632/418 527/639/425 
f 584/702/482 583/701/481 527/639/425 526/638/424 
f 583/701/481 584/702/482 585/703/483 586/704/484 
f 580/698/478 583/701/481 586/704/484 581/699/479 
f 587/705/485 584/706/482 526/648/424 533/647/431 
f 588/707/486 587/705/485 533/647/431 532/646/430 
f 587/705/485 588/707/486 589/708/487 590/709/488 
f 584/706/482 587/705/485 590/709/488 585/710/483 
f 591/711/489 588/707/486 532/646/430 539/654/437 
f 592/712/490 591/711/489 539/654/437 538/653/436 
f 591/711/489 592/712/490 593/713/491 594/714/492 
f 588/707/486 591/711/489 594/714/492 589/708/487 
f 595/715/493 592/712/490 538/653/436 545/660/443 
f 596/716/494 595/715/493 545/660/443 544/659/442 
f 595/715/493 596/716/494 597/717/495 598/718/496 
f 592/712/490 595/715/493 598/718/496 593/713/491 
f 599/719/497 596/716/494 544/659/442 551/666/449 
f 600/720/498 599/719/497 551/666/449 550/665/448 
f 599/719/497 600/720/498 601/721/499 602/722/500 
f 596/716/494 599/719/497 602/722/500 597/717/495 
f 603/723/501 600/720/498 550/665/448 557/672/455 
f 604/724/502 603/723/501 557/672/455 556/671/454 
f 603/723/501 604/724/502 605/725/503 606/726/504 
f 600/720/498 603/723/501 606/726/504 601/721/499 
f 607/727/505 604/724/502 556/671/454 560/678/458 
f 562/728/460 607/727/505 560/678/458 497/677/395 
f 607/727/505 562/728/460 566/729/464 608/730/506 
f 604/724/502 607/727/505 608/730/506 605/725/503 
f 609/731/507 610/732/508 566/684/464 565/683/463 
f 611/733/509 609/731/507 565/683/463 564/682/462 
f 609/731/507 611/733/509 612/734/510 613/735/511 
f 610/732/508 609/731/507 613/735/511 614/736/512 
f 615/737/513 611/733/509 564/682/462 570/688/468 
f 616/738/514 615/737/513 570/688/468 569/687/467 
f 615/737/513 616/738/514 617/739/515 618/740/516 
f 611/733/509 615/737/513 618/740/516 612/734/510 
f 619/741/517 616/738/514 569/687/467 574/692/472 
f 620/742/518 619/741/517 574/692/472 573/691/471 
f 619/741/517 620/742/518 621/743/519 622/744/520 
f 616/738/514 619/741/517 622/744/520 617/739/515 
f 623/745/521 620/742/518 573/691/471 578/696/476 
f 624/746/522 623/745/521 578/696/476 577/695/475 
f 623/745/521 624/746/522 625/747/523 626/748/524 
f 620/742/518 623/745/521 626/748/524 621/743/519 
f 627/749/525 624/746/522 577/695/475 582/700/480 
f 628/750/526 627/749/525 582/700/480 581/699/479 
f 627/749/525 628/750/526 629/751/527 630/752/528 
f 624/746/522 627/749/525 630/752/528 625/747/523 
f 631/753/529 628/750/526 581/699/479 586/704/484 
f 632/754/530 631/753/529 586/704/484 585/703/483 
f 631/753/529 632/754/530 633/755/531 634/756/532 
f 628/750/526 631/753/529 634/756/532 629/751/527 
f 635/757/533 632/758/530 585/710/483 590/709/488 
f 636/759/534 635/757/533 590/709/488 589/708/487 
f 635/757/533 636/759/534 637/760/535 638/761/536 
f 632/758/530 635/757/533 638/761/536 633/762/531 
f 639/763/537 636/759/534 589/708/487 594/714/492 
f 640/764/538 639/763/537 594/714/492 593/713/491 
f 639/763/537 640/764/538 641/765/539 642/766/540 
f 636/759/534 639/763/537 642/766/540 637/760/535 
f 643/767/541 640/764/538 593/713/491 598/718/496 
f 644/768/542 643/767/541 598/718/496 597/717/495 
f 643/767/541 644/768/542 645/769/543 646/770/544 
f 640/764/538 643/767/541 646/770/544 641/765/539 
f 647/771/545 644/768/542 597/717/495 602/722/500 
f 648/772/546 647/771/545 602/722/500 601/721/499 
f 647/771/545 648/772/546 649/773/547 650/774/548 
f 644/768/542 647/771/545 650/774/548 645/769/543 
f 651/775/549 648/772/546 601/721/499 606/726/504 
f 652/776/550 651/775/549 606/726/504 605/725/503 
f 651/775/549 652/776/550 653/777/551 654/778/552 
f 648/772/546 651/775/549 654/778/552 649/773/547 
f 655/779/553 652/776/550 605/725/503 608/730/506 
f 610/780/508 655/779/553 608/730/506 566/729/464 
f 655/779/553 610/780/508 614/781/512 656/782/554 
f 652/776/550 655/779/553 656/782/554 653/777/551 
f 657/783/555 658/784/556 614/736/512 613/735/511 
f 659/785/557 657/783/555 613/735/511 612/734/510 
f 657/783/555 659/785/557 660/786/558 661/787/559 
f 658/784/556 657/783/555 661/787/559 662/788/560 
f 663/789/561 659/785/557 612/734/510 618/740/516 
f 664/790/562 663/789/561 618/740/516 617/739/515 
f 663/789/561 664/790/562 665/791/563 666/792/564 
f 659/785/557 663/789/561 666/792/564 660/786/558 
f 667/793/565 664/790/562 617/739/515 622/744/520 
f 668/794/566 667/793/565 622/744/520 621/743/519 
f 667/793/565 668/794/566 669/795/567 670/796/568 
f 664/790/562 667/793/565 670/796/568 665/791/563 
f 671/797/569 668/794/566 621/743/519 626/748/524 
f 672/798/570 671/797/569 626/748/524 625/747/523 
f 671/797/569 672/798/570 673/799/571 674/800/572 
f 668/794/566 671/797/569 674/800/572 669/795/567 
f 675/801/573 672/798/570 625/747/523 630/752/528 
f 676/802/574 675/801/573 630/752/528 629/751/527 
f 675/801/573 676/802/574 677/803/575 678/804/576 
f 672/798/570 675/801/573 678/804/576 673/799/571 
f 679/805/577 676/802/574 629/751/527 634/756/532 
f 680/806/578 679/805/577 634/756/532 633/755/531 
f 679/805/577 680/806/578 681/807/579 682/808/580 
f 676/802/574 679/805/577 682/808/580 677/803/575 
f 683/809/581 680/810/578 633/762/531 638/761/536 
f 684/811/582 683/809/581 638/761/536 637/760/535 
f 683/809/581 684/811/582 685/812/583 686/813/584 
f 680/810/578 683/809/581 686/813/584 681/814/579 
f 687/815/585 684/811/582 637/760/535 642/766/540 
f 688/816/586 687/815/585 642/766/540 641/765/539 
f 687/815/585 688/816/586 689/817/587 690/818/588 
f 684/811/582 687/815/585 690/818/588 685/812/583 
f 691/819/589 688/816/586 641/765/539 646/770/544 
f 692/820/590 691/819/589 646/770/544 645/769/543 
f 691/819/589 692/820/590 693/821/591 694/822/592 
f 688/816/586 691/819/589 694/822/592 689/817/587 
f 695/823/593 692/820/590 645/769/543 650/774/548 
f 696/824/594 695/823/593 650/774/548 649/773/547 
f 695/823/593 696/824/594 697/825/595 698/826/596 
f 692/820/590 695/823/593 698/826/596 693/821/591 
f 699/827/597 696/824/594 649/773/547 654/778/552 
f 700/828/598 699/827/597 654/778/552 653/777/551 
f 699/827/597 700/828/598 701/829/599 702/830/600 
f 696/824/594 699/827/597 702/830/600 697/825/595 
f 703/831/601 700/828/598 653/777/551 656/782/554 
f 658/832/556 703/831/601 656/782/554 614/781/512 
f 703/831/601 658/832/556 662/833/560 704/834/602 
f 700/828/598 703/831/601 704/834/602 701/829/599 
f 705/835/603 706/836/604 662/788/560 661/787/559 
f 707/837/605 705/835/603 661/787/559 660/786/558 
f 705/835/603 707/837/605 708/838/606 709/839/607 
f 706/836/604 705/835/603 709/839/607 710/840/608 
f 711/841/609 707/837/605 660/786/558 666/792/564 
f 712/842/610 711/841/609 666/792/564 665/791/563 
f 711/841/609 712/842/610 713/843/611 714/844/612 
f 707/837/605 711/841/609 714/844/612 708/838/606 
f 715/845/613 712/842/610 665/791/563 670/796/568 
f 716/846/614 715/845/613 670/796/568 669/795/567 
f 715/845/613 716/846/614 717/847/615 718/848/616 
f 712/842/610 715/845/613 718/848/616 713/843/611 
f 719/849/617 716/846/614 669/795/567 674/800/572 
f 720/850/618 719/849/617 674/800/572 673/799/571 
f 719/849/617 720/850/618 721/851/619 722/852/620 
f 716/846/614 719/849/617 722/852/620 717/847/615 
f 723/853/621 720/850/618 673/799/571 678/804/576 
f 724/854/622 723/853/621 678/804/576 677/803/575 
f 723/853/621 724/854/622 725/855/623 726/856/624 
f 720/850/618 723/853/621 726/856/624 721/851/619 
f 727/857/625 724/854/622 677/803/575 682/808/580 
f 728/858/626 727/857/625 682/808/580 681/807/579 
f 727/857/625 728/858/626 729/859/627 730/860/628 
f 724/854/622 727/857/625 730/860/628 725/855/623 
f 731/861/629 728/862/626 681/814/579 686/813/584 
f 732/863/630 731/861/629 686/813/584 685/812/583 
f 731/861/629 732/863/630 733/864/631 734/865/632 
f 728/862/626 731/861/629 734/865/632 729/866/627 
f 735/867/633 732/863/630 685/812/583 690/818/588 
f 736/868/634 735/867/633 690/818/588 689/817/587 
f 735/867/633 736/868/634 737/869/635 738/870/636 
f 732/863/630 735/867/633 738/870/636 733/864/631 
f 739/871/637 736/868/634 689/817/587 694/822/592 
f 740/872/638 739/871/637 694/822/592 693/821/591 
f 739/871/637 740/872/638 741/873/639 742/874/640 
f 736/868/634 739/871/637 742/874/640 737/869/635 
f 743/875/641 740/872/638 693/821/591 698/826/596 
f 744/876/642 743/875/641 698/826/596 697/825/595 
f 743/875/641 744/876/642 745/877/643 746/878/644 
f 740/872/638 743/875/641 746/878/644 741/873/639 
f 747/879/645 744/876/642 697/825/595 702/830/600 
f 748/880/646 747/879/645 702/830/600 701/829/599 
f 747/879/645 748/880/646 749/881/647 750/882/648 
f 744/876/642 747/879/645 750/882/648 745/877/643 
f 751/883/649 748/880/646 701/829/599 704/834/602 
f 706/884/604 751/883/649 704/834/602 662/833/560 
f 751/883/649 706/884/604 710/885/608 752/886/650 
f 748/880/646 751/883/649 752/886/650 749/881/647 
f 753/887/651 754/888/652 710/840/608 709/839/607 
f 755/889/653 753/887/651 709/839/607 708/838/606 
f 753/887/651 755/889/653 756/890/654 757/891/655 
f 754/888/652 753/887/651 757/891/655 758/892/656 
f 759/893/657 755/889/653 708/838/606 714/844/612 
f 760/894/658 759/893/657 714/844/612 713/843/611 
f 759/893/657 760/894/658 761/895/659 762/896/660 
f 755/889/653 759/893/657 762/896/660 756/890/654 
f 763/897/661 760/894/658 713/843/611 718/848/616 
f 764/898/662 763/897/661 718/848/616 717/847/615 
f 763/897/661 764/898/662 765/899/663 766/900/664 
f 760/894/658 763/897/661 766/900/664 761/895/659 
f 767/901/665 764/898/662 717/847/615 722/852/620 
f 768/902/666 767/901/665 722/852/620 721/851/619 
f 767/901/665 768/902/666 769/903/667 770/904/668 
f 764/898/662 767/901/665 770/904/668 765/899/663 
f 771/905/669 768/902/666 721/851/619 726/856/624 
f 772/906/670 771/905/669 726/856/624 725/855/623 
f 771/905/669 772/906/670 773/907/671 774/908/672 
f 768/902/666 771/905/669 774/908/672 769/903/667 
f 775/909/673 772/906/670 725/855/623 730/860/628 
f 776/910/674 775/909/673 730/860/628 729/859/627 
f 775/909/673 776/910/674 777/911/675 778/912/676 
f 772/906/670 775/909/673 778/912/676 773/907/671 
f 779/913/677 776/914/674 729/866/627 734/865/632 
f 780/915/678 779/913/677 734/865/632 733/864/631 
f 779/913/677 780/915/678 781/916/679 782/917/680 
f 776/914/674 779/913/677 782/917/680 777/918/675 
f 783/919/681 780/915/678 733/864/631 738/870/636 
f 784/920/682 783/919/681 738/870/636 737/869/635 
f 783/919/681 784/920/682 785/921/683 786/922/684 
f 780/915/678 783/919/681 786/922/684 781/916/679 
f 787/923/685 784/920/682 737/869/635 742/874/640 
f 788/924/686 787/923/685 742/874/640 741/873/639 
f 787/923/685 788/924/686 789/925/687 790/926/688 
f 784/920/682 787/923/685 790/926/688 785/921/683 
f 791/927/689 788/924/686 741/873/639 746/878/644 
f 792/928/690 791/927/689 746/878/644 745/877/643 
f 791/927/689 792/928/690 793/929/691 794/930/692 
f 788/924/686 791/927/689 794/930/692 789/925/687 
f 795/931/693 792/928/690 745/877/643 750/882/648 
f 796/932/694 795/931/693 750/882/648 749/881/647 
f 795/931/693 796/932/694 797/933/695 798/934/696 
f 792/928/690 795/931/693 798/934/696 793/929/691 
f 799/935/697 796/932/694 749/881/647 752/886/650 
f 754/936/652 799/935/697 752/886/650 710/885/608 
f 799/935/697 754/936/652 758/937/656 800/938/698 
f 796/932/694 799/935/697 800/938/698 797/933/695 
f 801/939/699 802/940/700 803/941/701 804/942/702 
f 805/943/703 801/939/699 804/942/702 806/944/704 
f 801/939/699 805/943/703 807/945/705 808/946/706 
f 802/940/700 801/939/699 808/946/706 809/947/707 
f 810/948/708 805/943/703 806/944/704 811/949/709 
f 812/950/710 810/948/708 811/949/709 813/951/711 
f 810/948/708 812/950/710 814/952/712 815/953/713 
f 805/943/703 810/948/708 815/953/713 807/945/705 
f 816/954/714 812/950/710 813/951/711 817/955/715 
f 818/956/716 816/954/714 817/955/715 819/957/717 
f 816/954/714 818/956/716 820/958/718 821/959/719 
f 812/950/710 816/954/714 821/959/719 814/952/712 
f 822/960/720 818/956/716 819/957/717 823/961/721 
f 824/962/722 822/960/720 823/961/721 825/963/723 
f 822/960/720 824/962/722 826/964/724 827/965/725 
f 818/956/716 822/960/720 827/965/725 820/958/718 
f 828/966/726 824/962/722 825/963/723 829/967/727 
f 830/968/728 828/966/726 829/967/727 831/969/729 
f 828/966/726 830/968/728 832/970/730 833/971/731 
f 824/962/722 828/966/726 833/971/731 826/964/724 
f 834/972/732 830/968/728 831/969/729 835/973/733 
f 836/974/734 834/972/732 835/973/733 837/975/735 
f 834/972/732 836/974/734 838/976/736 839/977/737 
f 830/968/728 834/972/732 839/977/737 832/970/730 
f 840/978/738 836/979/734 837/980/735 841/981/739 
f 842/982/740 840/978/738 841/981/739 843/983/741 
f 840/978/738 842/982/740 844/984/742 845/985/743 
f 836/979/734 840/978/738 845/985/743 838/986/736 
f 846/987/744 842/982/740 843/983/741 847/988/745 
f 848/989/746 846/987/744 847/988/745 849/990/747 
f 846/987/744 848/989/746 850/991/748 851/992/749 
f 842/982/740 846/987/744 851/992/749 844/984/742 
f 852/993/750 848/989/746 849/990/747 853/994/751 
f 854/995/752 852/993/750 853/994/751 855/996/753 
f 852/993/750 854/995/752 856/997/754 857/998/755 
f 848/989/746 852/993/750 857/998/755 850/991/748 
f 858/999/756 854/995/752 855/996/753 859/1000/757 
f 860/1001/758 858/999/756 859/1000/757 861/1002/759 
f 858/999/756 860/1001/758 862/1003/760 863/1004/761 
f 854/995/752 858/999/756 863/1004/761 856/997/754 
f 864/1005/762 860/1001/758 861/1002/759 865/1006/763 
f 866/1007/764 864/1005/762 865/1006/763 867/1008/765 
f 864/1005/762 866/1007/764 868/1009/766 869/1010/767 
f 860/1001/758 864/1005/762 869/1010/767 862/1003/760 
f 870/1011/768 866/1007/764 867/1008/765 871/1012/769 
f 802/1013/700 870/1011/768 871/1012/769 803/1014/701 
f 870/1011/768 802/1013/700 809/1015/707 872/1016/770 
f 866/1007/764 870/1011/768 872/1016/770 868/1009/766 
f 873/1017/771 874/1018/772 809/947/707 808/946/706 
f 875/1019/773 873/1017/771 808/946/706 807/945/705 
f 873/1017/771 875/1019/773 876/1020/774 877/1021/775 
f 874/1018/772 873/1017/771 877/1021/775 878/1022/776 
f 879/1023/777 875/1019/773 807/945/705 815/953/713 
f 880/1024/778 879/1023/777 815/953/713 814/952/712 
f 879/1023/777 880/1024/778 881/1025/779 882/1026/780 
f 875/1019/773 879/1023/777 882/1026/780 876/1020/774 
f 883/1027/781 880/1024/778 814/952/712 821/959/719 
f 884/1028/782 883/1027/781 821/959/719 820/958/718 
f 883/1027/781 884/1028/782 885/1029/783 886/1030/784 
f 880/1024/778 883/1027/781 886/1030/784 881/1025/779 
f 887/1031/785 884/1028/782 820/958/718 827/965/725 
f 888/1032/786 887/1031/785 827/965/725 826/964/724 
f 887/1031/785 888/1032/786 889/1033/787 890/1034/788 
f 884/1028/782 887/1031/785 890/1034/788 885/1029/783 
f 891/1035/789 888/1032/786 826/964/724 833/971/731 
f 892/1036/790 891/1035/789 833/971/731 832/970/730 
f 891/1035/789 892/1036/790 893/1037/791 894/1038/792 
f 888/1032/786 891/1035/789 894/1038/792 889/1033/787 
f 895/1039/793 892/1036/790 832/970/730 839/977/737 
f 896/1040/794 895/1039/793 839/977/737 838/976/736 
f 895/1039/793 896/1040/794 897/1041/795 898/1042/796 
f 892/1036/790 895/1039/793 898/1042/796 893/1037/791 
f 899/1043/797 896/1044/794 838/986/736 845/985/743 
f 900/1045/798 899/1043/797 845/985/743 844/984/742 
f 899/1043/797 900/1045/798 901/1046/799 902/1047/800 
f 896/1044/794 899/1043/797 902/1047/800 897/1048/795 
f 903/1049/801 900/1045/798 844/984/742 851/992/749 
f 904/1050/802 903/1049/801 851/992/749 850/991/748 
f 903/1049/801 904/1050/802 905/1051/803 906/1052/804 
f 900/1045/798 903/1049/801 906/1052/804 901/1046/799 
f 907/1053/805 904/1050/802 850/991/748 857/998/755 
f 908/1054/806 907/1053/805 857/998/755 856/997/754 
f 907/1053/805 908/1054/806 909/1055/807 910/1056/808 
f 904/1050/802 907/1053/805 910/1056/808 905/1051/803 
f 911/1057/809 908/1054/806 856/997/754 863/1004/761 
f 912/1058/810 911/1057/809 863/1004/761 862/1003/760 
f 911/1057/809 912/1058/810 913/1059/811 914/1060/812 
f 908/1054/806 911/1057/809 914/1060/812 909/1055/807 
f 915/1061/813 912/1058/810 862/1003/760 869/1010/767 
f 916/1062/814 915/1061/813 869/1010/767 868/1009/766 
f 915/1061/813 916/1062/814 917/1063/815 918/1064/816 
f 912/1058/810 915/1061/813 918/1064/816 913/1059/811 
f 919/1065/817 916/1062/814 868/1009/766 872/1016/770 
f 874/1066/772 919/1065/817 872/1016/770 809/1015/707 
f 919/1065/817 874/1066/772 878/1067/776 920/1068/818 
f 916/1062/814 919/1065/817 920/1068/818 917/1063/815 
f 921/1069/819 922/1070/820 878/1022/776 877/1021/775 
f 923/1071/821 921/1069/819 877/1021/775 876/1020/774 
f 921/1069/819 923/1071/821 924/1072/822 925/1073/823 
f 922/1070/820 921/1069/819 925/1073/823 926/1074/824 
f 927/1075/825 923/1071/821 876/1020/774 882/1026/780 
f 928/1076/826 927/1075/825 882/1026/780 881/1025/779 
f 927/1075/825 928/1076/826 929/1077/827 930/1078/828 
f 923/1071/821 927/1075/825 930/1078/828 924/1072/822 
f 931/1079/829 928/1076/826 881/1025/779 886/1030/784 
f 932/1080/830 931/1079/829 886/1030/784 885/1029/783 
f 931/1079/829 932/1080/830 933/1081/831 934/1082/832 
f 928/1076/826 931/1079/829 934/1082/832 929/1077/827 
f 935/1083/833 932/1080/830 885/1029/783 890/1034/788 
f 936/1084/834 935/1083/833 890/1034/788 889/1033/787 
f 935/1083/833 936/1084/834 937/1085/835 938/1086/836 
f 932/1080/830 935/1083/833 938/1086/836 933/1081/831 
f 939/1087/837 936/1084/834 889/1033/787 894/1038/792 
f 940/1088/838 939/1087/837 894/1038/792 893/1037/791 
f 939/1087/837 940/1088/838 941/1089/839 942/1090/840 
f 936/1084/834 939/1087/837 942/1090/840 937/1085/835 
f 943/1091/841 940/1088/838 893/1037/791 898/1042/796 
f 944/1092/842 943/1091/841 898/1042/796 897/1041/795 
f 943/1091/841 944/1092/842 945/1093/843 946/1094/844 
f 940/1088/838 943/1091/841 946/1094/844 941/1089/839 
f 947/1095/845 944/1096/842 897/1048/795 902/1047/800 
f 948/1097/846 947/1095/845 902/1047/800 901/1046/799 
f 947/1095/845 948/1097/846 949/1098/847 950/1099/848 
f 944/1096/842 947/1095/845 950/1099/848 945/1100/843 
f 951/1101/849 948/1097/846 901/1046/799 906/1052/804 
f 952/1102/850 951/1101/849 906/1052/804 905/1051/803 
f 951/1101/849 952/1102/850 953/1103/851 954/1104/852 
f 948/1097/846 951/1101/849 954/1104/852 949/1098/847 
f 955/1105/853 952/1102/850 905/1051/803 910/1056/808 
f 956/1106/854 955/1105/853 910/1056/808 909/1055/807 
f 955/1105/853 956/1106/854 957/1107/855 958/1108/856 
f 952/1102/850 955/1105/853 958/1108/856 953/1103/851 
f 959/1109/857 956/1106/854 909/1055/807 914/1060/812 
f 960/1110/858 959/1109/857 914/1060/812 913/1059/811 
f 959/1109/857 960/1110/858 961/1111/859 962/1112/860 
f 956/1106/854 959/1109/857 962/1112/860 957/1107/855 
f 963/1113/861 960/1110/858 913/1059/811 918/1064/816 
f 964/1114/862 963/1113/861 918/1064/816 917/1063/815 
f 963/1113/861 964/1114/862 965/1115/863 966/1116/864 
f 960/1110/858 963/1113/861 966/1116/864 961/1111/859 
f 967/1117/865 964/1114/862 917/1063/815 920/1068/818 
f 922/1118/820 967/1117/865 920/1068/818 878/1067/776 
f 967/1117/865 922/1118/820 926/1119/824 968/1120/866 
f 964/1114/862 967/1117/865 968/1120/866 965/1115/863 
f 969/1121/867 970/1122/868 926/1074/824 925/1073/823 
f 971/1123/869 969/1121/867 925/1073/823 924/1072/822 
f 969/1121/867 971/1123/869 972/1124/870 973/1125/871 
f 970/1122/868 969/1121/867 973/1125/871 974/1126/872 
f 975/1127/873 971/1123/869 924/1072/822 930/1078/828 
f 976/1128/874 975/1127/873 930/1078/828 929/1077/827 
f 975/1127/873 976/1128/874 977/1129/875 978/1130/876 
f 971/1123/869 975/1127/873 978/1130/876 972/1124/870 
f 979/1131/877 976/1128/874 929/1077/827 934/1082/832 
f 980/1132/878 979/1131/877 934/1082/832 933/1081/831 
f 979/1131/877 980/1132/878 981/1133/879 982/1134/880 
f 976/1128/874 979/1131/877 982/1134/880 977/1129/875 
f 983/1135/881 980/1132/878 933/1081/831 938/1086/836 
f 984/1136/882 983/1135/881 938/1086/836 937/1085/835 
f 983/1135/881 984/1136/882 985/1137/883 986/1138/884 
f 980/1132/878 983/1135/881 986/1138/884 981/1133/879 
f 987/1139/885 984/1136/882 937/1085/835 942/1090/840 
f 988/1140/886 987/1139/885 942/1090/840 941/1089/839 
f 987/1139/885 988/1140/886 989/1141/887 990/1142/888 
f 984/1136/882 987/1139/885 990/1142/888 985/1137/883 
f 991/1143/889 988/1140/886 941/1089/839 946/1094/844 
f 992/1144/890 991/1143/889 946/1094/844 945/1093/843 
f 991/1143/889 992/1144/890 993/1145/891 994/1146/892 
f 988/1140/886 991/1143/889 994/1146/892 989/1141/887 
f 995/1147/893 992/1148/890 945/1100/843 950/1099/848 
f 996/1149/894 995/1147/893 950/1099/848 949/1098/847 
f 995/1147/893 996/1149/894 997/1150/895 998/1151/896 
f 992/1148/890 995/1147/893 998/1151/896 993/1152/891 
f 999/1153/897 996/1149/894 949/1098/847 954/1104/852 
f 1000/1154/898 999/1153/897 954/1104/852 953/1103/851 
f 999/1153/897 1000/1154/898 1001/1155/899 1002/1156/900 
f 996/1149/894 999/1153/897 1002/1156/900 997/1150/895 
f 1003/1157/901 1000/1154/898 953/1103/851 958/1108/856 
f 1004/1158/902 1003/1157/901 958/1108/856 957/1107/855 
f 1003/1157/901 1004/1158/902 1005/1159/903 1006/1160/904 
f 1000/1154/898 1003/1157/901 1006/1160/904 1001/1155/899 
f 1007/1161/905 1004/1158/902 957/1107/855 962/1112/860 
f 1008/1162/906 1007/1161/905 962/1112/860 961/1111/859 
f 1007/1161/905 1008/1162/906 1009/1163/907 1010/1164/908 
f 1004/1158/902 1007/1161/905 1010/1164/908 1005/1159/903 
f 1011/1165/909 1008/1162/906 961/1111/859 966/1116/864 
f 1012/1166/910 1011/1165/909 966/1116/864 965/1115/863 
f 1011/1165/909 1012/1166/910 1013/1167/911 1014/1168/912 
f 1008/1162/906 1011/1165/909 1014/1168/912 1009/1163/907 
f 1015/1169/913 1012/1166/910 965/1115/863 968/1120/866 
f 970/1170/868 1015/1169/913 968/1120/866 926/1119/824 
f 1015/1169/913 970/1170/868 974/1171/872 1016/1172/914 
f 1012/1166/910 1015/1169/913 1016/1172/914 1013/1167/911 
f 1017/1173/915 1018/1174/916 974/1126/872 973/1125/871 
f 1019/1175/917 1017/1173/915 973/1125/871 972/1124/870 
f 1017/1173/915 1019/1175/917 1020/1176/918 1021/1177/919 
f 1018/1174/916 1017/1173/915 1021/1177/919 1022/1178/920 
f 1023/1179/921 1019/1175/917 972/1124/870 978/1130/876 
f 1024/1180/922 1023/1179/921 978/1130/876 977/1129/875 
f 1023/1179/921 1024/1180/922 1025/1181/923 1026/1182/924 
f 1019/1175/917 1023/1179/921 1026/1182/924 1020/1176/918 
f 1027/1183/925 1024/1180/922 977/1129/875 982/1134/880 
f 1028/1184/926 1027/1183/925 982/1134/880 981/1133/879 
f 1027/1183/925 1028/1184/926 1029/1185/927 1030/1186/928 
f 1024/1180/922 1027/1183/925 1030/1186/928 1025/1181/923 
f 1031/1187/929 1028/1184/926 981/1133/879 986/1138/884 
f 1032/1188/930 1031/1187/929 986/1138/884 985/1137/883 
f 1031/1187/929 1032/1188/930 1033/1189/931 1034/1190/932 
f 1028/1184/926 1031/1187/929 1034/1190/932 1029/1185/927 
f 1035/1191/933 1032/1188/930 985/1137/883 990/1142/888 
f 1036/1192/934 1035/1191/933 990/1142/888 989/1141/887 
f 1035/1191/933 1036/1192/934 1037/1193/935 1038/1194/936 
f 1032/1188/930 1035/1191/933 1038/1194/936 1033/1189/931 
f 1039/1195/937 1036/1192/934 989/1141/887 994/1146/892 
f 1040/1196/938 1039/1195/937 994/1146/892 993/1145/891 
f 1039/1195/937 1040/1196/938 1041/1197/939 1042/1198/940 
f 1036/1192/934 1039/1195/937 1042/1198/940 1037/1193/935 
f 1043/1199/941 1040/1200/938 993/1152/891 998/1151/896 
f 1044/1201/942 1043/1199/941 998/1151/896 997/1150/895 
f 1043/1199/941 1044/1201/942 1045/1202/943 1046/1203/944 
f 1040/1200/938 1043/1199/941 1046/1203/944 1041/1204/939 
f 1047/1205/945 1044/1201/942 997/1150/895 1002/1156/900 
f 1048/1206/946 1047/1205/945 1002/1156/900 1001/1155/899 
f 1047/1205/945 1048/1206/946 1049/1207/947 1050/1208/948 
f 1044/1201/942 1047/1205/945 1050/1208/948 1045/1202/943 
f 1051/1209/949 1048/1206/946 1001/1155/899 1006/1160/904 
f 1052/1210/950 1051/1209/949 1006/1160/904 1005/1159/903 
f 1051/1209/949 1052/1210/950 1053/1211/951 1054/1212/952 
f 1048/1206/946 1051/1209/949 1054/1212/952 1049/1207/947 
f 1055/1213/953 1052/1210/950 1005/1159/903 1010/1164/908 
f 1056/1214/954 1055/1213/953 1010/1164/908 1009/1163/907 
f 1055/1213/953 1056/1214/954 1057/1215/955 1058/1216/956 
f 1052/1210/950 1055/1213/953 1058/1216/956 1053/1211/951 
f 1059/1217/957 1056/1214/954 1009/1163/907 1014/1168/912 
f 1060/1218/958 1059/1217/957 1014/1168/912 1013/1167/911 
f 1059/1217/957 1060/1218/958 1061/1219/959 1062/1220/960 
f 1056/1214/954 1059/1217/957 1062/1220/960 1057/1215/955 
f 1063/1221/961 1060/1218/958 1013/1167/911 1016/1172/914 
f 1018/1222/916 1063/1221/961 1016/1172/914 974/1171/872 
f 1063/1221/961 1018/1222/916 1022/1223/920 1064/1224/962 
f 1060/1218/958 1063/1221/961 1064/1224/962 1061/1219/959 
f 1065/1225/963 1066/1226/964 1022/1178/920 1021/1177/919 
f 1067/1227/965 1065/1225/963 1021/1177/919 1020/1176/918 
f 1065/1225/963 1067/1227/965 494/606/392 492/604/390 
f 1066/1226/964 1065/1225/963 492/604/390 491/603/389 
f 1068/1228/966 1067/1227/965 1020/1176/918 1026/1182/924 
f 1069/1229/967 1068/1228/966 1026/1182/924 1025/1181/923 
f 1068/1228/966 1069/1229/967 501/613/399 499/611/397 
f 1067/1227/965 1068/1228/966 499/611/397 494/606/392 
f 1070/1230/968 1069/1229/967 1025/1181/923 1030/1186/928 
f 1071/1231/969 1070/1230/968 1030/1186/928 1029/1185/927 
f 1070/1230/968 1071/1231/969 507/619/405 505/617/403 
f 1069/1229/967 1070/1230/968 505/617/403 501/613/399 
f 1072/1232/970 1071/1231/969 1029/1185/927 1034/1190/932 
f 1073/1233/971 1072/1232/970 1034/1190/932 1033/1189/931 
f 1072/1232/970 1073/1233/971 513/625/411 511/623/409 
f 1071/1231/969 1072/1232/970 511/623/409 507/619/405 
f 1074/1234/972 1073/1233/971 1033/1189/931 1038/1194/936 
f 1075/1235/973 1074/1234/972 1038/1194/936 1037/1193/935 
f 1074/1234/972 1075/1235/973 519/631/417 517/629/415 
f 1073/1233/971 1074/1234/972 517/629/415 513/625/411 
f 1076/1236/974 1075/1235/973 1037/1193/935 1042/1198/940 
f 1077/1237/975 1076/1236/974 1042/1198/940 1041/1197/939 
f 1076/1236/974 1077/1237/975 525/637/423 523/635/421 
f 1075/1235/973 1076/1236/974 523/635/421 519/631/417 
f 1078/1238/976 1077/1239/975 1041/1204/939 1046/1203/944 
f 1079/1240/977 1078/1238/976 1046/1203/944 1045/1202/943 
f 1078/1238/976 1079/1240/977 531/645/429 529/643/427 
f 1077/1239/975 1078/1238/976 529/643/427 525/642/423 
f 1080/1241/978 1079/1240/977 1045/1202/943 1050/1208/948 
f 1081/1242/979 1080/1241/978 1050/1208/948 1049/1207/947 
f 1080/1241/978 1081/1242/979 537/652/435 535/650/433 
f 1079/1240/977 1080/1241/978 535/650/433 531/645/429 
f 1082/1243/980 1081/1242/979 1049/1207/947 1054/1212/952 
f 1083/1244/981 1082/1243/980 1054/1212/952 1053/1211/951 
f 1082/1243/980 1083/1244/981 543/658/441 541/656/439 
f 1081/1242/979 1082/1243/980 541/656/439 537/652/435 
f 1084/1245/982 1083/1244/981 1053/1211/951 1058/1216/956 
f 1085/1246/983 1084/1245/982 1058/1216/956 1057/1215/955 
f 1084/1245/982 1085/1246/983 549/664/447 547/662/445 
f 1083/1244/981 1084/1245/982 547/662/445 543/658/441 
f 1086/1247/984 1085/1246/983 1057/1215/955 1062/1220/960 
f 1087/1248/985 1086/1247/984 1062/1220/960 1061/1219/959 
f 1086/1247/984 1087/1248/985 555/670/453 553/668/451 
f 1085/1246/983 1086/1247/984 553/668/451 549/664/447 
f 1088/1249/986 1087/1248/985 1061/1219/959 1064/1224/962 
f 1066/1250/964 1088/1249/986 1064/1224/962 1022/1223/920 
f 1088/1249/986 1066/1250/964 491/676/389 559/674/457 
f 1087/1248/985 1088/1249/986 559/674/457 555/670/453 
f 1089/1251/987 1090/1252/988 758/892/656 757/891/655 
f 1091/1253/989 1089/1251/987 757/891/655 756/890/654 
f 1089/1251/987 1091/1253/989 1092/1254/990 1093/1255/991 
f 1090/1252/988 1089/1251/987 1093/1255/991 1094/1256/992 
f 1095/1257/993 1091/1253/989 756/890/654 762/896/660 
f 1096/1258/994 1095/1257/993 762/896/660 761/895/659 
f 1095/1257/993 1096/1258/994 1097/1259/995 1098/1260/996 
f 1091/1253/989 1095/1257/993 1098/1260/996 1092/1254/990 
f 1099/1261/997 1096/1258/994 761/895/659 766/900/664 
f 1100/1262/998 1099/1261/997 766/900/664 765/899/663 
f 1099/1261/997 1100/1262/998 1101/1263/999 1102/1264/1000 
f 1096/1258/994 1099/1261/997 1102/1264/1000 1097/1259/995 
f 1103/1265/1001 1100/1262/998 765/899/663 770/904/668 
f 1104/1266/1002 1103/1265/1001 770/904/668 769/903/667 
f 1103/1265/1001 1104/1266/1002 1105/1267/1003 1106/1268/1004 
f 1100/1262/998 1103/1265/1001 1106/1268/1004 1101/1263/999 
f 1107/1269/1005 1104/1266/1002 769/903/667 774/908/672 
f 1108/1270/1006 1107/1269/1005 774/908/672 773/907/671 
f 1107/1269/1005 1108/1270/1006 1109/1271/1007 1110/1272/1008 
f 1104/1266/1002 1107/1269/1005 1110/1272/1008 1105/1267/1003 
f 1111/1273/1009 1108/1270/1006 773/907/671 778/912/676 
f 1112/1274/1010 1111/1273/1009 778/912/676 777/911/675 
f 1111/1273/1009 1112/1274/1010 1113/1275/1011 1114/1276/1012 
f 1108/1270/1006 1111/1273/1009 1114/1276/1012 1109/1271/1007 
f 1115/1277/1013 1112/1278/1010 777/918/675 782/917/680 
f 1116/1279/1014 1115/1277/1013 782/917/680 781/916/679 
f 1115/1277/1013 1116/1279/1014 1117/1280/1015 1118/1281/1016 
f 1112/1278/1010 1115/1277/1013 1118/1281/1016 1113/1282/1011 
f 1119/1283/1017 1116/1279/1014 781/916/679 786/922/684 
f 1120/1284/1018 1119/1283/1017 786/922/684 785/921/683 
f 1119/1283/1017 1120/1284/1018 1121/1285/1019 1122/1286/1020 
f 1116/1279/1014 1119/1283/1017 1122/1286/1020 1117/1280/1015 
f 1123/1287/1021 1120/1284/1018 785/921/683 790/926/688 
f 1124/1288/1022 1123/1287/1021 790/926/688 789/925/687 
f 1123/1287/1021 1124/1288/1022 1125/1289/1023 1126/1290/1024 
f 1120/1284/1018 1123/1287/1021 1126/1290/1024 1121/1285/1019 
f 1127/1291/1025 1124/1288/1022 789/925/687 794/930/692 
f 1128/1292/1026 1127/1291/1025 794/930/692 793/929/691 
f 1127/1291/1025 1128/1292/1026 1129/1293/1027 1130/1294/1028 
f 1124/1288/1022 1127/1291/1025 1130/1294/1028 1125/1289/1023 
f 1131/1295/1029 1128/1292/1026 793/929/691 798/934/696 
f 1132/1296/1030 1131/1295/1029 798/934/696 797/933/695 
f 1131/1295/1029 1132/1296/1030 1133/1297/1031 1134/1298/1032 
f 1128/1292/1026 1131/1295/1029 1134/1298/1032 1129/1293/1027 
f 1135/1299/1033 1132/1296/1030 797/933/695 800/938/698 
f 1090/1300/988 1135/1299/1033 800/938/698 758/937/656 
f 1135/1299/1033 1090/1300/988 1094/1301/992 1136/1302/1034 
f 1132/1296/1030 1135/1299/1033 1136/1302/1034 1133/1297/1031 
f 1137/1303/1035 1138/1304/1036 806/944/704 804/942/702 
f 1139/1305/1037 1137/1303/1035 804/942/702 803/941/701 
f 1137/1303/1035 1139/1305/1037 1140/1306/1038 1141/1307/1012 
f 1138/1304/1036 1137/1303/1035 1141/1307/1012 1142/1308/1039 
f 1143/1309/1040 1144/1310/1041 813/951/711 811/949/709 
f 1138/1304/1036 1143/1309/1040 811/949/709 806/944/704 
f 1143/1309/1040 1138/1304/1036 1142/1308/1039 1145/1311/1008 
f 1144/1310/1041 1143/1309/1040 1145/1311/1008 1146/1312/1003 
f 1147/1313/1042 1148/1314/1043 819/957/717 817/955/715 
f 1144/1310/1041 1147/1313/1042 817/955/715 813/951/711 
f 1147/1313/1042 1144/1310/1041 1146/1312/1003 1149/1315/1004 
f 1148/1314/1043 1147/1313/1042 1149/1315/1004 1150/1316/999 
f 1151/1317/1044 1152/1318/1045 825/963/723 823/961/721 
f 1148/1314/1043 1151/1317/1044 823/961/721 819/957/717 
f 1151/1317/1044 1148/1314/1043 1150/1316/999 1153/1319/1000 
f 1152/1318/1045 1151/1317/1044 1153/1319/1000 1154/1320/995 
f 1155/1321/1046 1156/1322/1047 831/969/729 829/967/727 
f 1152/1318/1045 1155/1321/1046 829/967/727 825/963/723 
f 1155/1321/1046 1152/1318/1045 1154/1320/995 1157/1323/996 
f 1156/1322/1047 1155/1321/1046 1157/1323/996 1158/1324/1048 
f 1159/1325/1049 1160/1326/1050 837/975/735 835/973/733 
f 1156/1322/1047 1159/1325/1049 835/973/733 831/969/729 
f 1159/1325/1049 1156/1322/1047 1158/1324/1048 1161/1327/991 
f 1160/1326/1050 1159/1325/1049 1161/1327/991 1162/1328/1051 
f 1163/1329/1052 1164/1330/1053 843/983/741 841/981/739 
f 1160/1331/1050 1163/1329/1052 841/981/739 837/980/735 
f 1163/1329/1052 1160/1331/1050 1162/1332/1051 1165/1333/1034 
f 1164/1330/1053 1163/1329/1052 1165/1333/1034 1166/1334/1031 
f 1167/1335/1054 1168/1336/1055 849/990/747 847/988/745 
f 1164/1330/1053 1167/1335/1054 847/988/745 843/983/741 
f 1167/1335/1054 1164/1330/1053 1166/1334/1031 1169/1337/1032 
f 1168/1336/1055 1167/1335/1054 1169/1337/1032 1170/1338/1056 
f 1171/1339/1057 1172/1340/1058 855/996/753 853/994/751 
f 1168/1336/1055 1171/1339/1057 853/994/751 849/990/747 
f 1171/1339/1057 1168/1336/1055 1170/1338/1056 1173/1341/1028 
f 1172/1340/1058 1171/1339/1057 1173/1341/1028 1174/1342/1059 
f 1175/1343/1060 1176/1344/1061 861/1002/759 859/1000/757 
f 1172/1340/1058 1175/1343/1060 859/1000/757 855/996/753 
f 1175/1343/1060 1172/1340/1058 1174/1342/1059 1177/1345/1024 
f 1176/1344/1061 1175/1343/1060 1177/1345/1024 1178/1346/1062 
f 1179/1347/1063 1180/1348/1064 867/1008/765 865/1006/763 
f 1176/1344/1061 1179/1347/1063 865/1006/763 861/1002/759 
f 1179/1347/1063 1176/1344/1061 1178/1346/1062 1181/1349/1020 
f 1180/1348/1064 1179/1347/1063 1181/1349/1020 1182/1350/1015 
f 1183/1351/1065 1139/1352/1037 803/1014/701 871/1012/769 
f 1180/1348/1064 1183/1351/1065 871/1012/769 867/1008/765 
f 1183/1351/1065 1180/1348/1064 1182/1350/1015 1184/1353/1016 
f 1139/1352/1037 1183/1351/1065 1184/1353/1016 1140/1354/1038 
# 672 polygons

